DriverNumber,LapNumber,Compound,TyreLife,AirTemp,Humidity,Pressure,Rainfall,TrackTemp,WindDirection,WindSpeed,Time,RPM,Speed,Throttle,Brake,DRS,Year,Event,Distance
3,26,MEDIUM,25.0,27.5,48.3,1001.4,False,44.7,69,2.4,00:00.222,10413,269,100,False,0,2018,German Grand Prix,
3,26,MEDIUM,25.0,27.5,48.3,1001.4,False,44.7,69,2.4,00:00.462,10537,272,100,False,0,2018,German Grand Prix,
3,26,MEDIUM,25.0,27.5,48.3,1001.4,False,44.7,69,2.4,00:00.702,10628,273,100,False,0,2018,German Grand Prix,
3,26,MEDIUM,25.0,27.5,48.3,1001.4,False,44.7,69,2.4,00:00.982,10755,276,100,False,0,2018,German Grand Prix,
3,26,MEDIUM,25.0,27.5,48.3,1001.4,False,44.7,69,2.4,00:01.222,10868,278,100,False,0,2018,German Grand Prix,
3,26,MEDIUM,25.0,27.5,48.3,1001.4,False,44.7,69,2.4,00:01.423,10847,278,100,False,0,2018,German Grand Prix,
3,26,MEDIUM,25.0,27.5,48.3,1001.4,False,44.7,69,2.4,00:01.663,10775,278,100,False,0,2018,German Grand Prix,
3,26,MEDIUM,25.0,27.5,48.3,1001.4,False,44.7,69,2.4,00:01.902,10816,279,100,False,0,2018,German Grand Prix,
3,26,MEDIUM,25.0,27.5,48.3,1001.4,False,44.7,69,2.4,00:02.142,10802,279,19,False,0,2018,German Grand Prix,
3,26,MEDIUM,25.0,27.5,48.3,1001.4,False,44.7,69,2.4,00:02.382,10443,271,0,True,0,2018,German Grand Prix,
3,26,MEDIUM,25.0,27.5,48.3,1001.4,False,44.7,69,2.4,00:02.622,10761,256,0,True,0,2018,German Grand Prix,
3,26,MEDIUM,25.0,27.5,48.3,1001.4,False,44.7,69,2.4,00:02.823,10551,244,0,False,0,2018,German Grand Prix,
3,26,MEDIUM,25.0,27.5,48.3,1001.4,False,44.7,69,2.4,00:03.063,10447,236,14,False,0,2018,German Grand Prix,
3,26,MEDIUM,25.0,27.5,48.3,1001.4,False,44.7,69,2.4,00:03.303,10079,235,41,False,0,2018,German Grand Prix,
3,26,MEDIUM,25.0,27.5,48.3,1001.4,False,44.7,69,2.4,00:03.542,9958,228,72,False,0,2018,German Grand Prix,
3,26,MEDIUM,25.0,27.5,48.3,1001.4,False,44.7,69,2.4,00:03.782,10042,225,100,False,0,2018,German Grand Prix,
3,26,MEDIUM,25.0,27.5,48.3,1001.4,False,44.7,69,2.4,00:03.983,10152,231,100,False,0,2018,German Grand Prix,
3,26,MEDIUM,25.0,27.5,48.3,1001.4,False,44.7,69,2.4,00:04.223,10296,236,100,False,0,2018,German Grand Prix,
3,26,MEDIUM,25.0,27.5,48.3,1001.4,False,44.7,69,2.4,00:04.503,10348,240,100,False,0,2018,German Grand Prix,
3,26,MEDIUM,25.0,27.5,48.3,1001.4,False,44.7,69,2.4,00:04.743,10747,244,100,False,0,2018,German Grand Prix,
3,26,MEDIUM,25.0,27.5,48.3,1001.4,False,44.7,69,2.4,00:04.983,10787,247,100,False,0,2018,German Grand Prix,
3,26,MEDIUM,25.0,27.5,48.3,1001.4,False,44.7,69,2.4,00:05.263,11010,251,100,False,0,2018,German Grand Prix,
3,26,MEDIUM,25.0,27.5,48.3,1001.4,False,44.7,69,2.4,00:05.503,11111,253,100,False,0,2018,German Grand Prix,
3,26,MEDIUM,25.0,27.5,48.3,1001.4,False,44.7,69,2.4,00:05.742,11248,257,100,False,0,2018,German Grand Prix,
3,26,MEDIUM,25.0,27.5,48.3,1001.4,False,44.7,69,2.4,00:05.981,11379,261,100,False,0,2018,German Grand Prix,
3,26,MEDIUM,25.0,27.5,48.3,1001.4,False,44.7,69,2.4,00:06.182,10445,261,100,False,0,2018,German Grand Prix,
3,26,MEDIUM,25.0,27.5,48.3,1001.4,False,44.7,69,2.4,00:06.422,10404,265,100,False,0,2018,German Grand Prix,
3,26,MEDIUM,25.0,27.5,48.3,1001.4,False,44.7,69,2.4,00:06.662,10490,267,100,False,0,2018,German Grand Prix,
3,26,MEDIUM,25.0,27.5,48.3,1001.4,False,44.7,69,2.4,00:07.022,10577,272,100,False,0,2018,German Grand Prix,
3,26,MEDIUM,25.0,27.5,48.3,1001.4,False,44.7,69,2.4,00:07.262,10723,274,100,False,0,2018,German Grand Prix,
3,26,MEDIUM,25.0,27.5,48.3,1001.4,False,44.7,69,2.4,00:07.502,10756,276,100,False,0,2018,German Grand Prix,
3,26,MEDIUM,25.0,27.5,48.3,1001.4,False,44.7,69,2.4,00:07.742,10802,279,100,False,0,2018,German Grand Prix,
3,26,MEDIUM,25.0,27.5,48.3,1001.4,False,44.7,69,2.4,00:07.943,10939,280,100,False,0,2018,German Grand Prix,
3,26,MEDIUM,25.0,27.5,48.3,1001.4,False,44.7,69,2.4,00:08.223,10971,282,100,False,0,2018,German Grand Prix,
3,26,MEDIUM,25.0,27.5,48.3,1001.4,False,44.7,69,2.4,00:08.463,11107,284,100,False,0,2018,German Grand Prix,
3,26,MEDIUM,25.0,27.5,48.3,1001.4,False,44.7,69,2.4,00:08.702,11027,284,100,False,0,2018,German Grand Prix,
3,26,MEDIUM,25.0,27.5,48.3,1001.4,False,44.7,69,2.4,00:08.942,11021,284,100,False,0,2018,German Grand Prix,
3,26,MEDIUM,25.0,27.5,48.3,1001.4,False,44.7,69,2.4,00:09.222,11022,279,0,False,0,2018,German Grand Prix,
3,26,MEDIUM,25.0,27.5,48.3,1001.4,False,44.7,69,2.4,00:09.462,10607,279,0,False,0,2018,German Grand Prix,
3,26,MEDIUM,25.0,27.5,48.3,1001.4,False,44.7,69,2.4,00:09.663,10111,268,0,True,0,2018,German Grand Prix,
3,26,MEDIUM,25.0,27.5,48.3,1001.4,False,44.7,69,2.4,00:09.903,9397,259,0,True,0,2018,German Grand Prix,
3,26,MEDIUM,25.0,27.5,48.3,1001.4,False,44.7,69,2.4,00:10.143,8610,213,0,True,0,2018,German Grand Prix,
3,26,MEDIUM,25.0,27.5,48.3,1001.4,False,44.7,69,2.4,00:10.383,9372,203,0,True,0,2018,German Grand Prix,
3,26,MEDIUM,25.0,27.5,48.3,1001.4,False,44.7,69,2.4,00:10.622,9883,176,0,True,0,2018,German Grand Prix,
3,26,MEDIUM,25.0,27.5,48.3,1001.4,False,44.7,69,2.4,00:10.862,9142,153,0,True,0,2018,German Grand Prix,
3,26,MEDIUM,25.0,27.5,48.3,1001.4,False,44.7,69,2.4,00:11.063,10049,141,0,True,0,2018,German Grand Prix,
3,26,MEDIUM,25.0,27.5,48.3,1001.4,False,44.7,69,2.4,00:11.303,9312,135,0,True,0,2018,German Grand Prix,
3,26,MEDIUM,25.0,27.5,48.3,1001.4,False,44.7,69,2.4,00:11.543,8609,119,0,True,0,2018,German Grand Prix,
3,26,MEDIUM,25.0,27.5,48.3,1001.4,False,44.7,69,2.4,00:11.783,8230,116,0,True,0,2018,German Grand Prix,
3,26,MEDIUM,25.0,27.5,48.3,1001.4,False,44.7,69,2.4,00:12.023,7823,109,0,True,0,2018,German Grand Prix,
3,26,MEDIUM,25.0,27.5,48.3,1001.4,False,44.7,69,2.4,00:12.263,7434,105,0,False,0,2018,German Grand Prix,
3,26,MEDIUM,25.0,27.5,48.3,1001.4,False,44.7,69,2.4,00:12.502,7217,101,0,False,0,2018,German Grand Prix,
3,26,MEDIUM,25.0,27.5,48.3,1001.4,False,44.7,69,2.4,00:12.702,7126,97,0,False,0,2018,German Grand Prix,
3,26,MEDIUM,25.0,27.5,48.3,1001.4,False,44.7,69,2.4,00:12.942,7123,95,15,False,0,2018,German Grand Prix,
3,26,MEDIUM,25.0,27.5,48.3,1001.4,False,44.7,69,2.4,00:13.182,7270,95,26,False,0,2018,German Grand Prix,
3,26,MEDIUM,25.0,27.5,48.3,1001.4,False,44.7,69,2.4,00:13.462,7505,98,32,False,0,2018,German Grand Prix,
3,26,MEDIUM,25.0,27.5,48.3,1001.4,False,44.7,69,2.4,00:13.702,7686,100,44,False,0,2018,German Grand Prix,
3,26,MEDIUM,25.0,27.5,48.3,1001.4,False,44.7,69,2.4,00:13.903,7985,103,51,False,0,2018,German Grand Prix,
3,26,MEDIUM,25.0,27.5,48.3,1001.4,False,44.7,69,2.4,00:14.142,8416,109,63,False,0,2018,German Grand Prix,
3,26,MEDIUM,25.0,27.5,48.3,1001.4,False,44.7,69,2.4,00:14.382,8935,113,73,False,0,2018,German Grand Prix,
3,26,MEDIUM,25.0,27.5,48.3,1001.4,False,44.7,69,2.4,00:14.622,9485,124,87,False,0,2018,German Grand Prix,
3,26,MEDIUM,25.0,27.5,48.3,1001.4,False,44.7,69,2.4,00:14.862,10560,132,91,False,0,2018,German Grand Prix,
3,26,MEDIUM,25.0,27.5,48.3,1001.4,False,44.7,69,2.4,00:15.063,11292,141,94,False,0,2018,German Grand Prix,
3,26,MEDIUM,25.0,27.5,48.3,1001.4,False,44.7,69,2.4,00:15.303,11964,147,100,False,0,2018,German Grand Prix,
3,26,MEDIUM,25.0,27.5,48.3,1001.4,False,44.7,69,2.4,00:15.543,11124,166,100,False,0,2018,German Grand Prix,
3,26,MEDIUM,25.0,27.5,48.3,1001.4,False,44.7,69,2.4,00:15.782,11168,179,100,False,0,2018,German Grand Prix,
3,26,MEDIUM,25.0,27.5,48.3,1001.4,False,44.7,69,2.4,00:16.022,11715,188,100,False,0,2018,German Grand Prix,
3,26,MEDIUM,25.0,27.5,48.3,1001.4,False,44.7,69,2.4,00:16.262,10735,193,100,False,0,2018,German Grand Prix,
3,26,MEDIUM,25.0,27.5,48.3,1001.4,False,44.7,69,2.4,00:16.502,10566,199,100,False,0,2018,German Grand Prix,
3,26,MEDIUM,25.0,27.5,48.3,1001.4,False,44.7,69,2.4,00:16.703,10780,205,100,False,0,2018,German Grand Prix,
3,26,MEDIUM,25.0,27.5,48.3,1001.4,False,44.7,69,2.4,00:16.943,11107,213,100,False,0,2018,German Grand Prix,
3,26,MEDIUM,25.0,27.5,48.3,1001.4,False,44.7,69,2.4,00:17.183,11472,215,100,False,0,2018,German Grand Prix,
3,26,MEDIUM,25.0,27.5,48.3,1001.4,False,44.7,69,2.4,00:17.422,11624,224,100,False,0,2018,German Grand Prix,
3,26,MEDIUM,25.0,27.5,48.3,1001.4,False,44.7,69,2.4,00:17.662,10646,230,100,False,0,2018,German Grand Prix,
3,26,MEDIUM,25.0,27.5,48.3,1001.4,False,44.7,69,2.4,00:17.863,10154,234,100,False,0,2018,German Grand Prix,
3,26,MEDIUM,25.0,27.5,48.3,1001.4,False,44.7,69,2.4,00:18.103,10529,236,100,False,0,2018,German Grand Prix,
3,26,MEDIUM,25.0,27.5,48.3,1001.4,False,44.7,69,2.4,00:18.343,10700,242,100,False,0,2018,German Grand Prix,
3,26,MEDIUM,25.0,27.5,48.3,1001.4,False,44.7,69,2.4,00:18.583,10854,246,100,False,0,2018,German Grand Prix,
3,26,MEDIUM,25.0,27.5,48.3,1001.4,False,44.7,69,2.4,00:18.863,11073,254,100,False,0,2018,German Grand Prix,
3,26,MEDIUM,25.0,27.5,48.3,1001.4,False,44.7,69,2.4,00:19.103,11222,257,100,False,0,2018,German Grand Prix,
3,26,MEDIUM,25.0,27.5,48.3,1001.4,False,44.7,69,2.4,00:19.343,11399,261,100,False,0,2018,German Grand Prix,
3,26,MEDIUM,25.0,27.5,48.3,1001.4,False,44.7,69,2.4,00:19.583,10338,263,100,False,0,2018,German Grand Prix,
3,26,MEDIUM,25.0,27.5,48.3,1001.4,False,44.7,69,2.4,00:19.822,10454,265,100,False,0,2018,German Grand Prix,
3,26,MEDIUM,25.0,27.5,48.3,1001.4,False,44.7,69,2.4,00:20.062,10465,269,100,False,0,2018,German Grand Prix,
3,26,MEDIUM,25.0,27.5,48.3,1001.4,False,44.7,69,2.4,00:20.302,10597,272,100,False,0,2018,German Grand Prix,
3,26,MEDIUM,25.0,27.5,48.3,1001.4,False,44.7,69,2.4,00:20.542,10708,275,100,False,0,2018,German Grand Prix,
3,26,MEDIUM,25.0,27.5,48.3,1001.4,False,44.7,69,2.4,00:20.782,10808,278,100,False,0,2018,German Grand Prix,
3,26,MEDIUM,25.0,27.5,48.3,1001.4,False,44.7,69,2.4,00:20.983,10880,280,100,False,0,2018,German Grand Prix,
3,26,MEDIUM,25.0,27.5,48.3,1001.4,False,44.7,69,2.4,00:21.222,10926,282,100,False,0,2018,German Grand Prix,
3,26,MEDIUM,25.0,27.5,48.3,1001.4,False,44.7,69,2.4,00:21.462,11016,284,100,False,0,2018,German Grand Prix,
3,26,MEDIUM,25.0,27.5,48.3,1001.4,False,44.7,69,2.4,00:21.702,11103,285,100,False,0,2018,German Grand Prix,
3,26,MEDIUM,25.0,27.5,48.3,1001.4,False,44.7,69,2.4,00:21.942,11195,286,100,False,0,2018,German Grand Prix,
3,26,MEDIUM,25.0,27.5,48.3,1001.4,False,44.7,69,2.4,00:22.143,11306,289,100,False,0,2018,German Grand Prix,
3,26,MEDIUM,25.0,27.5,48.3,1001.4,False,44.7,69,2.4,00:22.383,11305,291,100,False,0,2018,German Grand Prix,
3,26,MEDIUM,25.0,27.5,48.3,1001.4,False,44.7,69,2.4,00:22.623,11361,292,100,False,0,2018,German Grand Prix,
3,26,MEDIUM,25.0,27.5,48.3,1001.4,False,44.7,69,2.4,00:22.862,11450,294,100,False,0,2018,German Grand Prix,
3,26,MEDIUM,25.0,27.5,48.3,1001.4,False,44.7,69,2.4,00:23.102,10210,295,100,False,0,2018,German Grand Prix,
3,26,MEDIUM,25.0,27.5,48.3,1001.4,False,44.7,69,2.4,00:23.342,10315,296,100,False,0,2018,German Grand Prix,
3,26,MEDIUM,25.0,27.5,48.3,1001.4,False,44.7,69,2.4,00:23.543,10376,297,100,False,0,2018,German Grand Prix,
3,26,MEDIUM,25.0,27.5,48.3,1001.4,False,44.7,69,2.4,00:23.783,10380,298,100,False,0,2018,German Grand Prix,
3,26,MEDIUM,25.0,27.5,48.3,1001.4,False,44.7,69,2.4,00:24.023,10409,299,100,False,0,2018,German Grand Prix,
3,26,MEDIUM,25.0,27.5,48.3,1001.4,False,44.7,69,2.4,00:24.263,10411,299,100,False,0,2018,German Grand Prix,
3,26,MEDIUM,25.0,27.5,48.3,1001.4,False,44.7,69,2.4,00:24.502,10474,300,100,False,0,2018,German Grand Prix,
3,26,MEDIUM,25.0,27.5,48.3,1001.4,False,44.7,69,2.4,00:24.742,10489,301,100,False,0,2018,German Grand Prix,
3,26,MEDIUM,25.0,27.5,48.3,1001.4,False,44.7,69,2.4,00:24.943,10481,302,100,False,0,2018,German Grand Prix,
3,26,MEDIUM,25.0,27.5,48.3,1001.4,False,44.7,69,2.4,00:25.183,10525,302,100,False,0,2018,German Grand Prix,
3,26,MEDIUM,25.0,27.5,48.3,1001.4,False,44.7,69,2.4,00:25.423,10534,302,100,False,0,2018,German Grand Prix,
3,26,MEDIUM,25.0,27.5,48.3,1001.4,False,44.7,69,2.4,00:25.663,10513,302,100,False,0,2018,German Grand Prix,
3,26,MEDIUM,25.0,27.5,48.3,1001.4,False,44.7,69,2.4,00:25.903,10489,302,100,False,0,2018,German Grand Prix,
3,26,MEDIUM,25.0,27.5,48.3,1001.4,False,44.7,69,2.4,00:26.144,10537,303,100,False,0,2018,German Grand Prix,
3,26,MEDIUM,25.0,27.5,48.3,1001.4,False,44.7,69,2.4,00:26.383,10571,303,100,False,0,2018,German Grand Prix,
3,26,MEDIUM,25.0,27.5,48.3,1001.4,False,44.7,69,2.4,00:26.623,10545,303,100,False,0,2018,German Grand Prix,
3,26,MEDIUM,25.0,27.5,48.3,1001.4,False,44.7,69,2.4,00:26.862,10568,304,100,False,0,2018,German Grand Prix,
3,26,MEDIUM,25.0,27.5,48.3,1001.4,False,44.7,69,2.4,00:27.102,10568,304,100,False,0,2018,German Grand Prix,
3,26,MEDIUM,25.0,27.5,48.3,1001.4,False,44.7,69,2.4,00:27.342,10596,304,100,False,0,2018,German Grand Prix,
3,26,MEDIUM,25.0,27.5,48.3,1001.4,False,44.7,69,2.4,00:27.543,10565,304,100,False,0,2018,German Grand Prix,
3,26,MEDIUM,25.0,27.5,48.3,1001.4,False,44.7,69,2.4,00:27.783,10566,304,100,False,0,2018,German Grand Prix,
3,26,MEDIUM,25.0,27.5,48.3,1001.4,False,44.7,69,2.4,00:28.022,10499,304,100,False,0,2018,German Grand Prix,
3,26,MEDIUM,25.0,27.5,48.3,1001.4,False,44.7,69,2.4,00:28.262,10552,303,100,False,0,2018,German Grand Prix,
3,26,MEDIUM,25.0,27.5,48.3,1001.4,False,44.7,69,2.4,00:28.542,10305,301,0,False,0,2018,German Grand Prix,
3,26,MEDIUM,25.0,27.5,48.3,1001.4,False,44.7,69,2.4,00:28.782,10033,298,0,False,0,2018,German Grand Prix,
3,26,MEDIUM,25.0,27.5,48.3,1001.4,False,44.7,69,2.4,00:29.022,9916,289,0,False,0,2018,German Grand Prix,
3,26,MEDIUM,25.0,27.5,48.3,1001.4,False,44.7,69,2.4,00:29.223,9424,279,0,True,0,2018,German Grand Prix,
3,26,MEDIUM,25.0,27.5,48.3,1001.4,False,44.7,69,2.4,00:29.463,8382,251,0,True,0,2018,German Grand Prix,
3,26,MEDIUM,25.0,27.5,48.3,1001.4,False,44.7,69,2.4,00:29.703,8675,224,0,True,0,2018,German Grand Prix,
3,26,MEDIUM,25.0,27.5,48.3,1001.4,False,44.7,69,2.4,00:29.942,9213,190,0,True,0,2018,German Grand Prix,
3,26,MEDIUM,25.0,27.5,48.3,1001.4,False,44.7,69,2.4,00:30.182,9961,170,0,True,0,2018,German Grand Prix,
3,26,MEDIUM,25.0,27.5,48.3,1001.4,False,44.7,69,2.4,00:30.383,10442,155,0,True,0,2018,German Grand Prix,
3,26,MEDIUM,25.0,27.5,48.3,1001.4,False,44.7,69,2.4,00:30.702,9256,121,0,True,0,2018,German Grand Prix,
3,26,MEDIUM,25.0,27.5,48.3,1001.4,False,44.7,69,2.4,00:30.903,9758,115,0,True,0,2018,German Grand Prix,
3,26,MEDIUM,25.0,27.5,48.3,1001.4,False,44.7,69,2.4,00:31.143,8734,98,0,True,0,2018,German Grand Prix,
3,26,MEDIUM,25.0,27.5,48.3,1001.4,False,44.7,69,2.4,00:31.383,7786,90,0,True,0,2018,German Grand Prix,
3,26,MEDIUM,25.0,27.5,48.3,1001.4,False,44.7,69,2.4,00:31.623,7291,81,0,True,0,2018,German Grand Prix,
3,26,MEDIUM,25.0,27.5,48.3,1001.4,False,44.7,69,2.4,00:31.863,6626,77,0,True,0,2018,German Grand Prix,
3,26,MEDIUM,25.0,27.5,48.3,1001.4,False,44.7,69,2.4,00:32.102,6033,73,0,True,0,2018,German Grand Prix,
3,26,MEDIUM,25.0,27.5,48.3,1001.4,False,44.7,69,2.4,00:32.303,5814,69,0,False,0,2018,German Grand Prix,
3,26,MEDIUM,25.0,27.5,48.3,1001.4,False,44.7,69,2.4,00:32.543,5534,64,0,False,0,2018,German Grand Prix,
3,26,MEDIUM,25.0,27.5,48.3,1001.4,False,44.7,69,2.4,00:32.783,5408,60,0,False,0,2018,German Grand Prix,
3,26,MEDIUM,25.0,27.5,48.3,1001.4,False,44.7,69,2.4,00:33.023,5347,58,5,False,0,2018,German Grand Prix,
3,26,MEDIUM,25.0,27.5,48.3,1001.4,False,44.7,69,2.4,00:33.224,6020,59,20,False,0,2018,German Grand Prix,
3,26,MEDIUM,25.0,27.5,48.3,1001.4,False,44.7,69,2.4,00:33.463,6321,62,24,False,0,2018,German Grand Prix,
3,26,MEDIUM,25.0,27.5,48.3,1001.4,False,44.7,69,2.4,00:33.703,6671,64,27,False,0,2018,German Grand Prix,
3,26,MEDIUM,25.0,27.5,48.3,1001.4,False,44.7,69,2.4,00:33.942,7318,69,36,False,0,2018,German Grand Prix,
3,26,MEDIUM,25.0,27.5,48.3,1001.4,False,44.7,69,2.4,00:34.182,7682,73,47,False,0,2018,German Grand Prix,
3,26,MEDIUM,25.0,27.5,48.3,1001.4,False,44.7,69,2.4,00:34.422,7682,75,53,False,0,2018,German Grand Prix,
3,26,MEDIUM,25.0,27.5,48.3,1001.4,False,44.7,69,2.4,00:34.662,9410,88,69,False,0,2018,German Grand Prix,
3,26,MEDIUM,25.0,27.5,48.3,1001.4,False,44.7,69,2.4,00:34.863,10133,95,72,False,0,2018,German Grand Prix,
3,26,MEDIUM,25.0,27.5,48.3,1001.4,False,44.7,69,2.4,00:35.102,10526,103,79,False,0,2018,German Grand Prix,
3,26,MEDIUM,25.0,27.5,48.3,1001.4,False,44.7,69,2.4,00:35.342,11578,117,86,False,0,2018,German Grand Prix,
3,26,MEDIUM,25.0,27.5,48.3,1001.4,False,44.7,69,2.4,00:35.582,10788,127,93,False,0,2018,German Grand Prix,
3,26,MEDIUM,25.0,27.5,48.3,1001.4,False,44.7,69,2.4,00:35.783,10992,137,100,False,0,2018,German Grand Prix,
3,26,MEDIUM,25.0,27.5,48.3,1001.4,False,44.7,69,2.4,00:36.023,11688,153,100,False,0,2018,German Grand Prix,
3,26,MEDIUM,25.0,27.5,48.3,1001.4,False,44.7,69,2.4,00:36.263,10370,162,100,False,0,2018,German Grand Prix,
3,26,MEDIUM,25.0,27.5,48.3,1001.4,False,44.7,69,2.4,00:36.543,10510,176,100,False,0,2018,German Grand Prix,
3,26,MEDIUM,25.0,27.5,48.3,1001.4,False,44.7,69,2.4,00:36.783,11504,184,100,False,0,2018,German Grand Prix,
3,26,MEDIUM,25.0,27.5,48.3,1001.4,False,44.7,69,2.4,00:37.022,11788,196,100,False,0,2018,German Grand Prix,
3,26,MEDIUM,25.0,27.5,48.3,1001.4,False,44.7,69,2.4,00:37.262,10401,201,100,False,0,2018,German Grand Prix,
3,26,MEDIUM,25.0,27.5,48.3,1001.4,False,44.7,69,2.4,00:37.463,10792,208,100,False,0,2018,German Grand Prix,
3,26,MEDIUM,25.0,27.5,48.3,1001.4,False,44.7,69,2.4,00:37.703,11026,214,100,False,0,2018,German Grand Prix,
3,26,MEDIUM,25.0,27.5,48.3,1001.4,False,44.7,69,2.4,00:37.943,11409,222,100,False,0,2018,German Grand Prix,
3,26,MEDIUM,25.0,27.5,48.3,1001.4,False,44.7,69,2.4,00:38.183,11637,227,100,False,0,2018,German Grand Prix,
3,26,MEDIUM,25.0,27.5,48.3,1001.4,False,44.7,69,2.4,00:38.423,10937,233,100,False,0,2018,German Grand Prix,
3,26,MEDIUM,25.0,27.5,48.3,1001.4,False,44.7,69,2.4,00:38.663,10428,237,100,False,0,2018,German Grand Prix,
3,26,MEDIUM,25.0,27.5,48.3,1001.4,False,44.7,69,2.4,00:38.903,10635,241,100,False,0,2018,German Grand Prix,
3,26,MEDIUM,25.0,27.5,48.3,1001.4,False,44.7,69,2.4,00:39.143,10827,247,100,False,0,2018,German Grand Prix,
3,26,MEDIUM,25.0,27.5,48.3,1001.4,False,44.7,69,2.4,00:39.383,10980,250,100,False,0,2018,German Grand Prix,
3,26,MEDIUM,25.0,27.5,48.3,1001.4,False,44.7,69,2.4,00:39.623,11091,254,100,False,0,2018,German Grand Prix,
3,26,MEDIUM,25.0,27.5,48.3,1001.4,False,44.7,69,2.4,00:39.863,11296,257,100,False,0,2018,German Grand Prix,
3,26,MEDIUM,25.0,27.5,48.3,1001.4,False,44.7,69,2.4,00:40.103,11425,260,100,False,0,2018,German Grand Prix,
3,26,MEDIUM,25.0,27.5,48.3,1001.4,False,44.7,69,2.4,00:40.304,10895,262,100,False,0,2018,German Grand Prix,
3,26,MEDIUM,25.0,27.5,48.3,1001.4,False,44.7,69,2.4,00:40.543,10387,266,100,False,0,2018,German Grand Prix,
3,26,MEDIUM,25.0,27.5,48.3,1001.4,False,44.7,69,2.4,00:40.782,10486,268,100,False,0,2018,German Grand Prix,
3,26,MEDIUM,25.0,27.5,48.3,1001.4,False,44.7,69,2.4,00:41.022,10558,270,100,False,0,2018,German Grand Prix,
3,26,MEDIUM,25.0,27.5,48.3,1001.4,False,44.7,69,2.4,00:41.262,10618,271,100,False,0,2018,German Grand Prix,
3,26,MEDIUM,25.0,27.5,48.3,1001.4,False,44.7,69,2.4,00:41.463,10660,273,100,False,0,2018,German Grand Prix,
3,26,MEDIUM,25.0,27.5,48.3,1001.4,False,44.7,69,2.4,00:41.703,10674,273,100,False,0,2018,German Grand Prix,
3,26,MEDIUM,25.0,27.5,48.3,1001.4,False,44.7,69,2.4,00:41.983,10671,274,100,False,0,2018,German Grand Prix,
3,26,MEDIUM,25.0,27.5,48.3,1001.4,False,44.7,69,2.4,00:42.223,10697,275,100,False,0,2018,German Grand Prix,
3,26,MEDIUM,25.0,27.5,48.3,1001.4,False,44.7,69,2.4,00:42.503,10787,275,100,False,0,2018,German Grand Prix,
3,26,MEDIUM,25.0,27.5,48.3,1001.4,False,44.7,69,2.4,00:42.743,10770,276,100,False,0,2018,German Grand Prix,
3,26,MEDIUM,25.0,27.5,48.3,1001.4,False,44.7,69,2.4,00:42.982,10701,276,100,False,0,2018,German Grand Prix,
3,26,MEDIUM,25.0,27.5,48.3,1001.4,False,44.7,69,2.4,00:43.222,10720,277,100,False,0,2018,German Grand Prix,
3,26,MEDIUM,25.0,27.5,48.3,1001.4,False,44.7,69,2.4,00:43.423,10743,276,0,False,0,2018,German Grand Prix,
3,26,MEDIUM,25.0,27.5,48.3,1001.4,False,44.7,69,2.4,00:43.663,10359,275,0,False,0,2018,German Grand Prix,
3,26,MEDIUM,25.0,27.5,48.3,1001.4,False,44.7,69,2.4,00:43.943,10097,265,0,True,0,2018,German Grand Prix,
3,26,MEDIUM,25.0,27.5,48.3,1001.4,False,44.7,69,2.4,00:44.183,8773,243,0,True,0,2018,German Grand Prix,
3,26,MEDIUM,25.0,27.5,48.3,1001.4,False,44.7,69,2.4,00:44.423,8938,219,0,True,0,2018,German Grand Prix,
3,26,MEDIUM,25.0,27.5,48.3,1001.4,False,44.7,69,2.4,00:44.663,9528,196,0,True,0,2018,German Grand Prix,
3,26,MEDIUM,25.0,27.5,48.3,1001.4,False,44.7,69,2.4,00:44.902,9493,170,0,True,0,2018,German Grand Prix,
3,26,MEDIUM,25.0,27.5,48.3,1001.4,False,44.7,69,2.4,00:45.103,10478,155,0,True,0,2018,German Grand Prix,
3,26,MEDIUM,25.0,27.5,48.3,1001.4,False,44.7,69,2.4,00:45.343,9810,138,0,True,0,2018,German Grand Prix,
3,26,MEDIUM,25.0,27.5,48.3,1001.4,False,44.7,69,2.4,00:45.583,9107,130,0,True,0,2018,German Grand Prix,
3,26,MEDIUM,25.0,27.5,48.3,1001.4,False,44.7,69,2.4,00:45.823,8660,122,0,True,0,2018,German Grand Prix,
3,26,MEDIUM,25.0,27.5,48.3,1001.4,False,44.7,69,2.4,00:46.063,8235,117,0,False,0,2018,German Grand Prix,
3,26,MEDIUM,25.0,27.5,48.3,1001.4,False,44.7,69,2.4,00:46.304,8040,114,0,False,0,2018,German Grand Prix,
3,26,MEDIUM,25.0,27.5,48.3,1001.4,False,44.7,69,2.4,00:46.543,7768,107,2,False,0,2018,German Grand Prix,
3,26,MEDIUM,25.0,27.5,48.3,1001.4,False,44.7,69,2.4,00:46.783,7998,105,29,False,0,2018,German Grand Prix,
3,26,MEDIUM,25.0,27.5,48.3,1001.4,False,44.7,69,2.4,00:47.023,8105,106,48,False,0,2018,German Grand Prix,
3,26,MEDIUM,25.0,27.5,48.3,1001.4,False,44.7,69,2.4,00:47.263,8593,109,53,False,0,2018,German Grand Prix,
3,26,MEDIUM,25.0,27.5,48.3,1001.4,False,44.7,69,2.4,00:47.503,8849,113,61,False,0,2018,German Grand Prix,
3,26,MEDIUM,25.0,27.5,48.3,1001.4,False,44.7,69,2.4,00:47.704,9214,117,72,False,0,2018,German Grand Prix,
3,26,MEDIUM,25.0,27.5,48.3,1001.4,False,44.7,69,2.4,00:47.983,10014,126,79,False,0,2018,German Grand Prix,
3,26,MEDIUM,25.0,27.5,48.3,1001.4,False,44.7,69,2.4,00:48.223,10493,137,87,False,0,2018,German Grand Prix,
3,26,MEDIUM,25.0,27.5,48.3,1001.4,False,44.7,69,2.4,00:48.463,11273,144,88,False,0,2018,German Grand Prix,
3,26,MEDIUM,25.0,27.5,48.3,1001.4,False,44.7,69,2.4,00:48.702,11877,152,100,False,0,2018,German Grand Prix,
3,26,MEDIUM,25.0,27.5,48.3,1001.4,False,44.7,69,2.4,00:48.942,10464,165,100,False,0,2018,German Grand Prix,
3,26,MEDIUM,25.0,27.5,48.3,1001.4,False,44.7,69,2.4,00:49.182,10901,174,100,False,0,2018,German Grand Prix,
3,26,MEDIUM,25.0,27.5,48.3,1001.4,False,44.7,69,2.4,00:49.383,11213,179,100,False,0,2018,German Grand Prix,
3,26,MEDIUM,25.0,27.5,48.3,1001.4,False,44.7,69,2.4,00:49.623,10330,191,76,False,0,2018,German Grand Prix,
3,26,MEDIUM,25.0,27.5,48.3,1001.4,False,44.7,69,2.4,00:49.863,9980,194,58,False,0,2018,German Grand Prix,
3,26,MEDIUM,25.0,27.5,48.3,1001.4,False,44.7,69,2.4,00:50.103,9921,195,58,False,0,2018,German Grand Prix,
3,26,MEDIUM,25.0,27.5,48.3,1001.4,False,44.7,69,2.4,00:50.342,9895,194,65,False,0,2018,German Grand Prix,
3,26,MEDIUM,25.0,27.5,48.3,1001.4,False,44.7,69,2.4,00:50.543,10025,194,74,False,0,2018,German Grand Prix,
3,26,MEDIUM,25.0,27.5,48.3,1001.4,False,44.7,69,2.4,00:50.783,10139,195,80,False,0,2018,German Grand Prix,
3,26,MEDIUM,25.0,27.5,48.3,1001.4,False,44.7,69,2.4,00:51.023,10276,198,96,False,0,2018,German Grand Prix,
3,26,MEDIUM,25.0,27.5,48.3,1001.4,False,44.7,69,2.4,00:51.263,10663,203,100,False,0,2018,German Grand Prix,
3,26,MEDIUM,25.0,27.5,48.3,1001.4,False,44.7,69,2.4,00:51.503,10835,207,100,False,0,2018,German Grand Prix,
3,26,MEDIUM,25.0,27.5,48.3,1001.4,False,44.7,69,2.4,00:51.743,11156,214,100,False,0,2018,German Grand Prix,
3,26,MEDIUM,25.0,27.5,48.3,1001.4,False,44.7,69,2.4,00:51.982,11325,218,100,False,0,2018,German Grand Prix,
3,26,MEDIUM,25.0,27.5,48.3,1001.4,False,44.7,69,2.4,00:52.183,11456,221,100,False,0,2018,German Grand Prix,
3,26,MEDIUM,25.0,27.5,48.3,1001.4,False,44.7,69,2.4,00:52.423,10818,227,100,False,0,2018,German Grand Prix,
3,26,MEDIUM,25.0,27.5,48.3,1001.4,False,44.7,69,2.4,00:52.663,10186,231,100,False,0,2018,German Grand Prix,
3,26,MEDIUM,25.0,27.5,48.3,1001.4,False,44.7,69,2.4,00:52.903,10241,234,100,False,0,2018,German Grand Prix,
3,26,MEDIUM,25.0,27.5,48.3,1001.4,False,44.7,69,2.4,00:53.104,10494,237,100,False,0,2018,German Grand Prix,
3,26,MEDIUM,25.0,27.5,48.3,1001.4,False,44.7,69,2.4,00:53.343,10602,243,100,False,0,2018,German Grand Prix,
3,26,MEDIUM,25.0,27.5,48.3,1001.4,False,44.7,69,2.4,00:53.583,10864,247,100,False,0,2018,German Grand Prix,
3,26,MEDIUM,25.0,27.5,48.3,1001.4,False,44.7,69,2.4,00:53.823,10936,251,100,False,0,2018,German Grand Prix,
3,26,MEDIUM,25.0,27.5,48.3,1001.4,False,44.7,69,2.4,00:54.063,11132,253,100,False,0,2018,German Grand Prix,
3,26,MEDIUM,25.0,27.5,48.3,1001.4,False,44.7,69,2.4,00:54.303,11232,256,100,False,0,2018,German Grand Prix,
3,26,MEDIUM,25.0,27.5,48.3,1001.4,False,44.7,69,2.4,00:54.623,11279,257,100,False,0,2018,German Grand Prix,
3,26,MEDIUM,25.0,27.5,48.3,1001.4,False,44.7,69,2.4,00:54.862,10422,263,100,False,0,2018,German Grand Prix,
3,26,MEDIUM,25.0,27.5,48.3,1001.4,False,44.7,69,2.4,00:55.063,10346,265,100,False,0,2018,German Grand Prix,
3,26,MEDIUM,25.0,27.5,48.3,1001.4,False,44.7,69,2.4,00:55.303,10339,266,100,False,0,2018,German Grand Prix,
3,26,MEDIUM,25.0,27.5,48.3,1001.4,False,44.7,69,2.4,00:55.543,10366,267,100,False,0,2018,German Grand Prix,
3,26,MEDIUM,25.0,27.5,48.3,1001.4,False,44.7,69,2.4,00:55.782,10394,267,100,False,0,2018,German Grand Prix,
3,26,MEDIUM,25.0,27.5,48.3,1001.4,False,44.7,69,2.4,00:56.022,10108,267,17,True,0,2018,German Grand Prix,
3,26,MEDIUM,25.0,27.5,48.3,1001.4,False,44.7,69,2.4,00:56.223,9875,260,0,True,0,2018,German Grand Prix,
3,26,MEDIUM,25.0,27.5,48.3,1001.4,False,44.7,69,2.4,00:56.463,9853,250,0,True,0,2018,German Grand Prix,
3,26,MEDIUM,25.0,27.5,48.3,1001.4,False,44.7,69,2.4,00:56.703,10372,243,0,False,0,2018,German Grand Prix,
3,26,MEDIUM,25.0,27.5,48.3,1001.4,False,44.7,69,2.4,00:56.943,9993,237,12,False,0,2018,German Grand Prix,
3,26,MEDIUM,25.0,27.5,48.3,1001.4,False,44.7,69,2.4,00:57.183,9866,232,57,False,0,2018,German Grand Prix,
3,26,MEDIUM,25.0,27.5,48.3,1001.4,False,44.7,69,2.4,00:57.422,9816,224,76,False,0,2018,German Grand Prix,
3,26,MEDIUM,25.0,27.5,48.3,1001.4,False,44.7,69,2.4,00:57.662,9891,224,87,False,0,2018,German Grand Prix,
3,26,MEDIUM,25.0,27.5,48.3,1001.4,False,44.7,69,2.4,00:57.863,10059,226,100,False,0,2018,German Grand Prix,
3,26,MEDIUM,25.0,27.5,48.3,1001.4,False,44.7,69,2.4,00:58.103,10170,229,100,False,0,2018,German Grand Prix,
3,26,MEDIUM,25.0,27.5,48.3,1001.4,False,44.7,69,2.4,00:58.343,10370,233,100,False,0,2018,German Grand Prix,
3,26,MEDIUM,25.0,27.5,48.3,1001.4,False,44.7,69,2.4,00:58.583,10537,234,100,False,0,2018,German Grand Prix,
3,26,MEDIUM,25.0,27.5,48.3,1001.4,False,44.7,69,2.4,00:58.823,10495,241,100,False,0,2018,German Grand Prix,
3,26,MEDIUM,25.0,27.5,48.3,1001.4,False,44.7,69,2.4,00:59.063,10790,243,100,False,0,2018,German Grand Prix,
3,26,MEDIUM,25.0,27.5,48.3,1001.4,False,44.7,69,2.4,00:59.303,10893,246,100,False,0,2018,German Grand Prix,
3,26,MEDIUM,25.0,27.5,48.3,1001.4,False,44.7,69,2.4,00:59.543,10953,249,100,False,0,2018,German Grand Prix,
3,26,MEDIUM,25.0,27.5,48.3,1001.4,False,44.7,69,2.4,00:59.783,10953,249,100,False,0,2018,German Grand Prix,
3,26,MEDIUM,25.0,27.5,48.3,1001.4,False,44.7,69,2.4,01:00.023,11147,256,100,False,0,2018,German Grand Prix,
3,26,MEDIUM,25.0,27.5,48.3,1001.4,False,44.7,69,2.4,01:00.263,11254,257,100,False,0,2018,German Grand Prix,
3,26,MEDIUM,25.0,27.5,48.3,1001.4,False,44.7,69,2.4,01:00.543,11142,259,100,False,0,2018,German Grand Prix,
3,26,MEDIUM,25.0,27.5,48.3,1001.4,False,44.7,69,2.4,01:00.744,11018,257,0,True,0,2018,German Grand Prix,
3,26,MEDIUM,25.0,27.5,48.3,1001.4,False,44.7,69,2.4,01:00.984,9638,237,0,True,0,2018,German Grand Prix,
3,26,MEDIUM,25.0,27.5,48.3,1001.4,False,44.7,69,2.4,01:01.223,9791,203,0,True,0,2018,German Grand Prix,
3,26,MEDIUM,25.0,27.5,48.3,1001.4,False,44.7,69,2.4,01:01.463,10444,184,0,True,0,2018,German Grand Prix,
3,26,MEDIUM,25.0,27.5,48.3,1001.4,False,44.7,69,2.4,01:01.703,9635,170,0,True,0,2018,German Grand Prix,
3,26,MEDIUM,25.0,27.5,48.3,1001.4,False,44.7,69,2.4,01:01.903,9203,159,0,True,0,2018,German Grand Prix,
3,26,MEDIUM,25.0,27.5,48.3,1001.4,False,44.7,69,2.4,01:02.143,10344,146,0,True,0,2018,German Grand Prix,
3,26,MEDIUM,25.0,27.5,48.3,1001.4,False,44.7,69,2.4,01:02.383,9697,138,0,True,0,2018,German Grand Prix,
3,26,MEDIUM,25.0,27.5,48.3,1001.4,False,44.7,69,2.4,01:02.623,9199,132,0,True,0,2018,German Grand Prix,
3,26,MEDIUM,25.0,27.5,48.3,1001.4,False,44.7,69,2.4,01:02.862,8717,124,0,True,0,2018,German Grand Prix,
3,26,MEDIUM,25.0,27.5,48.3,1001.4,False,44.7,69,2.4,01:03.102,8465,121,0,False,0,2018,German Grand Prix,
3,26,MEDIUM,25.0,27.5,48.3,1001.4,False,44.7,69,2.4,01:03.303,8238,118,0,False,0,2018,German Grand Prix,
3,26,MEDIUM,25.0,27.5,48.3,1001.4,False,44.7,69,2.4,01:03.543,8101,113,9,False,0,2018,German Grand Prix,
3,26,MEDIUM,25.0,27.5,48.3,1001.4,False,44.7,69,2.4,01:03.783,8358,109,44,False,0,2018,German Grand Prix,
3,26,MEDIUM,25.0,27.5,48.3,1001.4,False,44.7,69,2.4,01:04.023,8520,112,52,False,0,2018,German Grand Prix,
3,26,MEDIUM,25.0,27.5,48.3,1001.4,False,44.7,69,2.4,01:04.263,8924,115,57,False,0,2018,German Grand Prix,
3,26,MEDIUM,25.0,27.5,48.3,1001.4,False,44.7,69,2.4,01:04.502,9174,118,64,False,0,2018,German Grand Prix,
3,26,MEDIUM,25.0,27.5,48.3,1001.4,False,44.7,69,2.4,01:04.703,9636,122,72,False,0,2018,German Grand Prix,
3,26,MEDIUM,25.0,27.5,48.3,1001.4,False,44.7,69,2.4,01:04.943,10068,131,79,False,0,2018,German Grand Prix,
3,26,MEDIUM,25.0,27.5,48.3,1001.4,False,44.7,69,2.4,01:05.223,10942,141,86,False,0,2018,German Grand Prix,
3,26,MEDIUM,25.0,27.5,48.3,1001.4,False,44.7,69,2.4,01:05.463,11472,148,87,False,0,2018,German Grand Prix,
3,26,MEDIUM,25.0,27.5,48.3,1001.4,False,44.7,69,2.4,01:05.703,11351,155,97,False,0,2018,German Grand Prix,
3,26,MEDIUM,25.0,27.5,48.3,1001.4,False,44.7,69,2.4,01:05.943,10614,164,100,False,0,2018,German Grand Prix,
3,26,MEDIUM,25.0,27.5,48.3,1001.4,False,44.7,69,2.4,01:06.184,11238,176,100,False,0,2018,German Grand Prix,
3,26,MEDIUM,25.0,27.5,48.3,1001.4,False,44.7,69,2.4,01:06.503,11770,188,100,False,0,2018,German Grand Prix,
3,26,MEDIUM,25.0,27.5,48.3,1001.4,False,44.7,69,2.4,01:06.704,11314,194,100,False,0,2018,German Grand Prix,
3,26,MEDIUM,25.0,27.5,48.3,1001.4,False,44.7,69,2.4,01:06.984,10468,202,100,False,0,2018,German Grand Prix,
3,26,MEDIUM,25.0,27.5,48.3,1001.4,False,44.7,69,2.4,01:07.223,10723,210,100,False,0,2018,German Grand Prix,
3,26,MEDIUM,25.0,27.5,48.3,1001.4,False,44.7,69,2.4,01:07.463,10999,215,100,False,0,2018,German Grand Prix,
3,26,MEDIUM,25.0,27.5,48.3,1001.4,False,44.7,69,2.4,01:07.743,11280,220,100,False,0,2018,German Grand Prix,
3,26,MEDIUM,25.0,27.5,48.3,1001.4,False,44.7,69,2.4,01:07.983,11449,223,100,False,0,2018,German Grand Prix,
3,26,MEDIUM,25.0,27.5,48.3,1001.4,False,44.7,69,2.4,01:08.223,11535,228,100,False,0,2018,German Grand Prix,
3,26,MEDIUM,25.0,27.5,48.3,1001.4,False,44.7,69,2.4,01:08.424,11225,230,23,True,0,2018,German Grand Prix,
3,26,MEDIUM,25.0,27.5,48.3,1001.4,False,44.7,69,2.4,01:08.664,10834,222,0,True,0,2018,German Grand Prix,
3,26,MEDIUM,25.0,27.5,48.3,1001.4,False,44.7,69,2.4,01:08.903,10117,210,0,True,0,2018,German Grand Prix,
3,26,MEDIUM,25.0,27.5,48.3,1001.4,False,44.7,69,2.4,01:09.183,9443,195,0,True,0,2018,German Grand Prix,
3,26,MEDIUM,25.0,27.5,48.3,1001.4,False,44.7,69,2.4,01:09.423,9048,182,0,True,0,2018,German Grand Prix,
3,26,MEDIUM,25.0,27.5,48.3,1001.4,False,44.7,69,2.4,01:09.662,8554,176,0,True,0,2018,German Grand Prix,
3,26,MEDIUM,25.0,27.5,48.3,1001.4,False,44.7,69,2.4,01:09.863,8387,170,0,False,0,2018,German Grand Prix,
3,26,MEDIUM,25.0,27.5,48.3,1001.4,False,44.7,69,2.4,01:10.103,8131,166,0,False,0,2018,German Grand Prix,
3,26,MEDIUM,25.0,27.5,48.3,1001.4,False,44.7,69,2.4,01:10.343,7849,161,0,False,0,2018,German Grand Prix,
3,26,MEDIUM,25.0,27.5,48.3,1001.4,False,44.7,69,2.4,01:10.623,7673,152,7,False,0,2018,German Grand Prix,
3,26,MEDIUM,25.0,27.5,48.3,1001.4,False,44.7,69,2.4,01:10.863,7832,151,41,False,0,2018,German Grand Prix,
3,26,MEDIUM,25.0,27.5,48.3,1001.4,False,44.7,69,2.4,01:11.103,7928,151,54,False,0,2018,German Grand Prix,
3,26,MEDIUM,25.0,27.5,48.3,1001.4,False,44.7,69,2.4,01:11.343,8064,153,70,False,0,2018,German Grand Prix,
3,26,MEDIUM,25.0,27.5,48.3,1001.4,False,44.7,69,2.4,01:11.582,8273,157,74,False,0,2018,German Grand Prix,
3,26,MEDIUM,25.0,27.5,48.3,1001.4,False,44.7,69,2.4,01:11.783,8244,160,71,False,0,2018,German Grand Prix,
3,26,MEDIUM,25.0,27.5,48.3,1001.4,False,44.7,69,2.4,01:12.023,8268,163,77,False,0,2018,German Grand Prix,
3,26,MEDIUM,25.0,27.5,48.3,1001.4,False,44.7,69,2.4,01:12.303,8921,169,86,False,0,2018,German Grand Prix,
3,26,MEDIUM,25.0,27.5,48.3,1001.4,False,44.7,69,2.4,01:12.543,8962,174,72,False,0,2018,German Grand Prix,
3,26,MEDIUM,25.0,27.5,48.3,1001.4,False,44.7,69,2.4,01:12.783,9136,177,70,False,0,2018,German Grand Prix,
3,26,MEDIUM,25.0,27.5,48.3,1001.4,False,44.7,69,2.4,01:12.984,9091,178,52,False,0,2018,German Grand Prix,
3,26,MEDIUM,25.0,27.5,48.3,1001.4,False,44.7,69,2.4,01:13.223,9160,177,56,False,0,2018,German Grand Prix,
3,26,MEDIUM,25.0,27.5,48.3,1001.4,False,44.7,69,2.4,01:13.463,9071,177,60,False,0,2018,German Grand Prix,
3,26,MEDIUM,25.0,27.5,48.3,1001.4,False,44.7,69,2.4,01:13.703,9101,177,67,False,0,2018,German Grand Prix,
3,26,MEDIUM,25.0,27.5,48.3,1001.4,False,44.7,69,2.4,01:13.943,9201,179,76,False,0,2018,German Grand Prix,
3,26,MEDIUM,25.0,27.5,48.3,1001.4,False,44.7,69,2.4,01:14.183,9549,181,82,False,0,2018,German Grand Prix,
3,26,MEDIUM,25.0,27.5,48.3,1001.4,False,44.7,69,2.4,01:14.384,9668,183,87,False,0,2018,German Grand Prix,
3,26,MEDIUM,25.0,27.5,48.3,1001.4,False,44.7,69,2.4,01:14.624,10033,190,100,False,0,2018,German Grand Prix,
3,26,MEDIUM,25.0,27.5,48.3,1001.4,False,44.7,69,2.4,01:14.904,10414,196,100,False,0,2018,German Grand Prix,
3,26,MEDIUM,25.0,27.5,48.3,1001.4,False,44.7,69,2.4,01:15.144,10638,204,100,False,0,2018,German Grand Prix,
3,26,MEDIUM,25.0,27.5,48.3,1001.4,False,44.7,69,2.4,01:15.383,10918,210,100,False,0,2018,German Grand Prix,
3,26,MEDIUM,25.0,27.5,48.3,1001.4,False,44.7,69,2.4,01:15.663,11198,217,100,False,0,2018,German Grand Prix,
3,26,MEDIUM,25.0,27.5,48.3,1001.4,False,44.7,69,2.4,01:15.902,11528,222,100,False,0,2018,German Grand Prix,
3,26,MEDIUM,25.0,27.5,48.3,1001.4,False,44.7,69,2.4,01:16.103,11675,227,100,False,0,2018,German Grand Prix,
3,26,MEDIUM,25.0,27.5,48.3,1001.4,False,44.7,69,2.4,01:16.343,10597,234,100,False,0,2018,German Grand Prix,
3,26,MEDIUM,25.0,27.5,48.3,1001.4,False,44.7,69,2.4,01:16.583,10462,236,100,False,0,2018,German Grand Prix,
3,26,MEDIUM,25.0,27.5,48.3,1001.4,False,44.7,69,2.4,01:16.823,10614,242,100,False,0,2018,German Grand Prix,
3,26,MEDIUM,25.0,27.5,48.3,1001.4,False,44.7,69,2.4,01:17.063,10847,247,100,False,0,2018,German Grand Prix,
3,26,MEDIUM,25.0,27.5,48.3,1001.4,False,44.7,69,2.4,01:17.302,10985,250,100,False,0,2018,German Grand Prix,
3,26,MEDIUM,25.0,27.5,48.3,1001.4,False,44.7,69,2.4,01:17.503,11127,252,100,False,0,2018,German Grand Prix,
3,26,MEDIUM,25.0,27.5,48.3,1001.4,False,44.7,69,2.4,01:17.743,11278,258,100,False,0,2018,German Grand Prix,
3,26,MEDIUM,25.0,27.5,48.3,1001.4,False,44.7,69,2.4,01:17.983,11390,261,100,False,0,2018,German Grand Prix,
3,26,MEDIUM,25.0,27.5,48.3,1001.4,False,44.7,69,2.4,01:18.263,10280,264,100,False,0,2018,German Grand Prix,
3,27,MEDIUM,26.0,27.4,48.5,1001.3,False,44.6,146,2.0,00:00.130,10420,267,100,False,0,2018,German Grand Prix,
3,27,MEDIUM,26.0,27.4,48.5,1001.3,False,44.6,146,2.0,00:00.370,10585,270,100,False,0,2018,German Grand Prix,
3,27,MEDIUM,26.0,27.4,48.5,1001.3,False,44.6,146,2.0,00:00.571,10740,272,100,False,0,2018,German Grand Prix,
3,27,MEDIUM,26.0,27.4,48.5,1001.3,False,44.6,146,2.0,00:00.851,10617,273,100,False,0,2018,German Grand Prix,
3,27,MEDIUM,26.0,27.4,48.5,1001.3,False,44.6,146,2.0,00:01.090,10679,274,100,False,0,2018,German Grand Prix,
3,27,MEDIUM,26.0,27.4,48.5,1001.3,False,44.6,146,2.0,00:01.330,10663,274,100,False,0,2018,German Grand Prix,
3,27,MEDIUM,26.0,27.4,48.5,1001.3,False,44.6,146,2.0,00:01.610,10677,275,100,False,0,2018,German Grand Prix,
3,27,MEDIUM,26.0,27.4,48.5,1001.3,False,44.6,146,2.0,00:01.850,10723,276,100,False,0,2018,German Grand Prix,
3,27,MEDIUM,26.0,27.4,48.5,1001.3,False,44.6,146,2.0,00:02.090,10725,277,100,False,0,2018,German Grand Prix,
3,27,MEDIUM,26.0,27.4,48.5,1001.3,False,44.6,146,2.0,00:02.291,10675,276,86,True,0,2018,German Grand Prix,
3,27,MEDIUM,26.0,27.4,48.5,1001.3,False,44.6,146,2.0,00:02.531,10140,271,0,True,0,2018,German Grand Prix,
3,27,MEDIUM,26.0,27.4,48.5,1001.3,False,44.6,146,2.0,00:02.771,10747,253,0,False,0,2018,German Grand Prix,
3,27,MEDIUM,26.0,27.4,48.5,1001.3,False,44.6,146,2.0,00:03.010,10534,246,5,False,0,2018,German Grand Prix,
3,27,MEDIUM,26.0,27.4,48.5,1001.3,False,44.6,146,2.0,00:03.250,10204,239,14,False,0,2018,German Grand Prix,
3,27,MEDIUM,26.0,27.4,48.5,1001.3,False,44.6,146,2.0,00:03.490,10190,231,46,False,0,2018,German Grand Prix,
3,27,MEDIUM,26.0,27.4,48.5,1001.3,False,44.6,146,2.0,00:03.730,10172,229,74,False,0,2018,German Grand Prix,
3,27,MEDIUM,26.0,27.4,48.5,1001.3,False,44.6,146,2.0,00:03.931,10278,229,100,False,0,2018,German Grand Prix,
3,27,MEDIUM,26.0,27.4,48.5,1001.3,False,44.6,146,2.0,00:04.171,10480,235,100,False,0,2018,German Grand Prix,
3,27,MEDIUM,26.0,27.4,48.5,1001.3,False,44.6,146,2.0,00:04.411,10685,238,100,False,0,2018,German Grand Prix,
3,27,MEDIUM,26.0,27.4,48.5,1001.3,False,44.6,146,2.0,00:04.650,10663,242,100,False,0,2018,German Grand Prix,
3,27,MEDIUM,26.0,27.4,48.5,1001.3,False,44.6,146,2.0,00:04.889,10795,248,100,False,0,2018,German Grand Prix,
3,27,MEDIUM,26.0,27.4,48.5,1001.3,False,44.6,146,2.0,00:05.129,10921,249,100,False,0,2018,German Grand Prix,
3,27,MEDIUM,26.0,27.4,48.5,1001.3,False,44.6,146,2.0,00:05.330,11081,252,100,False,0,2018,German Grand Prix,
3,27,MEDIUM,26.0,27.4,48.5,1001.3,False,44.6,146,2.0,00:05.570,11258,256,100,False,0,2018,German Grand Prix,
3,27,MEDIUM,26.0,27.4,48.5,1001.3,False,44.6,146,2.0,00:05.930,11414,261,100,False,0,2018,German Grand Prix,
3,27,MEDIUM,26.0,27.4,48.5,1001.3,False,44.6,146,2.0,00:06.170,10069,264,100,False,0,2018,German Grand Prix,
3,27,MEDIUM,26.0,27.4,48.5,1001.3,False,44.6,146,2.0,00:06.410,10444,266,100,False,0,2018,German Grand Prix,
3,27,MEDIUM,26.0,27.4,48.5,1001.3,False,44.6,146,2.0,00:06.650,10470,268,100,False,0,2018,German Grand Prix,
3,27,MEDIUM,26.0,27.4,48.5,1001.3,False,44.6,146,2.0,00:06.890,10621,273,100,False,0,2018,German Grand Prix,
3,27,MEDIUM,26.0,27.4,48.5,1001.3,False,44.6,146,2.0,00:07.130,10710,274,100,False,0,2018,German Grand Prix,
3,27,MEDIUM,26.0,27.4,48.5,1001.3,False,44.6,146,2.0,00:07.370,10830,277,100,False,0,2018,German Grand Prix,
3,27,MEDIUM,26.0,27.4,48.5,1001.3,False,44.6,146,2.0,00:07.610,10898,279,100,False,0,2018,German Grand Prix,
3,27,MEDIUM,26.0,27.4,48.5,1001.3,False,44.6,146,2.0,00:07.850,10872,280,100,False,0,2018,German Grand Prix,
3,27,MEDIUM,26.0,27.4,48.5,1001.3,False,44.6,146,2.0,00:08.090,10879,281,100,False,0,2018,German Grand Prix,
3,27,MEDIUM,26.0,27.4,48.5,1001.3,False,44.6,146,2.0,00:08.330,10966,282,100,False,0,2018,German Grand Prix,
3,27,MEDIUM,26.0,27.4,48.5,1001.3,False,44.6,146,2.0,00:08.531,10944,282,100,False,0,2018,German Grand Prix,
3,27,MEDIUM,26.0,27.4,48.5,1001.3,False,44.6,146,2.0,00:08.811,10973,282,100,False,0,2018,German Grand Prix,
3,27,MEDIUM,26.0,27.4,48.5,1001.3,False,44.6,146,2.0,00:09.051,10988,283,100,False,0,2018,German Grand Prix,
3,27,MEDIUM,26.0,27.4,48.5,1001.3,False,44.6,146,2.0,00:09.291,10504,283,53,False,0,2018,German Grand Prix,
3,27,MEDIUM,26.0,27.4,48.5,1001.3,False,44.6,146,2.0,00:09.530,10568,279,0,False,0,2018,German Grand Prix,
3,27,MEDIUM,26.0,27.4,48.5,1001.3,False,44.6,146,2.0,00:09.770,10435,269,0,True,0,2018,German Grand Prix,
3,27,MEDIUM,26.0,27.4,48.5,1001.3,False,44.6,146,2.0,00:10.010,9140,249,0,True,0,2018,German Grand Prix,
3,27,MEDIUM,26.0,27.4,48.5,1001.3,False,44.6,146,2.0,00:10.250,9401,214,0,True,0,2018,German Grand Prix,
3,27,MEDIUM,26.0,27.4,48.5,1001.3,False,44.6,146,2.0,00:10.451,9687,193,0,True,0,2018,German Grand Prix,
3,27,MEDIUM,26.0,27.4,48.5,1001.3,False,44.6,146,2.0,00:10.691,9991,176,0,True,0,2018,German Grand Prix,
3,27,MEDIUM,26.0,27.4,48.5,1001.3,False,44.6,146,2.0,00:10.931,9904,161,0,True,0,2018,German Grand Prix,
3,27,MEDIUM,26.0,27.4,48.5,1001.3,False,44.6,146,2.0,00:11.170,10189,144,0,True,0,2018,German Grand Prix,
3,27,MEDIUM,26.0,27.4,48.5,1001.3,False,44.6,146,2.0,00:11.371,9674,135,0,True,0,2018,German Grand Prix,
3,27,MEDIUM,26.0,27.4,48.5,1001.3,False,44.6,146,2.0,00:11.610,8913,127,0,True,0,2018,German Grand Prix,
3,27,MEDIUM,26.0,27.4,48.5,1001.3,False,44.6,146,2.0,00:11.850,8627,119,0,True,0,2018,German Grand Prix,
3,27,MEDIUM,26.0,27.4,48.5,1001.3,False,44.6,146,2.0,00:12.090,8128,115,0,False,0,2018,German Grand Prix,
3,27,MEDIUM,26.0,27.4,48.5,1001.3,False,44.6,146,2.0,00:12.330,7930,110,0,False,0,2018,German Grand Prix,
3,27,MEDIUM,26.0,27.4,48.5,1001.3,False,44.6,146,2.0,00:12.570,7707,106,0,False,0,2018,German Grand Prix,
3,27,MEDIUM,26.0,27.4,48.5,1001.3,False,44.6,146,2.0,00:12.809,7814,103,2,False,0,2018,German Grand Prix,
3,27,MEDIUM,26.0,27.4,48.5,1001.3,False,44.6,146,2.0,00:13.010,7833,101,21,False,0,2018,German Grand Prix,
3,27,MEDIUM,26.0,27.4,48.5,1001.3,False,44.6,146,2.0,00:13.250,8050,105,44,False,0,2018,German Grand Prix,
3,27,MEDIUM,26.0,27.4,48.5,1001.3,False,44.6,146,2.0,00:13.490,8530,107,51,False,0,2018,German Grand Prix,
3,27,MEDIUM,26.0,27.4,48.5,1001.3,False,44.6,146,2.0,00:13.730,8819,110,53,False,0,2018,German Grand Prix,
3,27,MEDIUM,26.0,27.4,48.5,1001.3,False,44.6,146,2.0,00:13.931,8936,113,52,False,0,2018,German Grand Prix,
3,27,MEDIUM,26.0,27.4,48.5,1001.3,False,44.6,146,2.0,00:14.170,9076,118,64,False,0,2018,German Grand Prix,
3,27,MEDIUM,26.0,27.4,48.5,1001.3,False,44.6,146,2.0,00:14.410,9841,124,76,False,0,2018,German Grand Prix,
3,27,MEDIUM,26.0,27.4,48.5,1001.3,False,44.6,146,2.0,00:14.650,10335,135,88,False,0,2018,German Grand Prix,
3,27,MEDIUM,26.0,27.4,48.5,1001.3,False,44.6,146,2.0,00:14.890,11024,144,94,False,0,2018,German Grand Prix,
3,27,MEDIUM,26.0,27.4,48.5,1001.3,False,44.6,146,2.0,00:15.130,11464,154,94,False,0,2018,German Grand Prix,
3,27,MEDIUM,26.0,27.4,48.5,1001.3,False,44.6,146,2.0,00:15.331,11044,162,94,False,0,2018,German Grand Prix,
3,27,MEDIUM,26.0,27.4,48.5,1001.3,False,44.6,146,2.0,00:15.571,10824,172,92,False,0,2018,German Grand Prix,
3,27,MEDIUM,26.0,27.4,48.5,1001.3,False,44.6,146,2.0,00:15.811,11073,178,91,False,0,2018,German Grand Prix,
3,27,MEDIUM,26.0,27.4,48.5,1001.3,False,44.6,146,2.0,00:16.050,11806,186,96,False,0,2018,German Grand Prix,
3,27,MEDIUM,26.0,27.4,48.5,1001.3,False,44.6,146,2.0,00:16.290,11002,193,100,False,0,2018,German Grand Prix,
3,27,MEDIUM,26.0,27.4,48.5,1001.3,False,44.6,146,2.0,00:16.530,10442,193,100,False,0,2018,German Grand Prix,
3,27,MEDIUM,26.0,27.4,48.5,1001.3,False,44.6,146,2.0,00:16.731,10745,199,100,False,0,2018,German Grand Prix,
3,27,MEDIUM,26.0,27.4,48.5,1001.3,False,44.6,146,2.0,00:16.971,11074,213,100,False,0,2018,German Grand Prix,
3,27,MEDIUM,26.0,27.4,48.5,1001.3,False,44.6,146,2.0,00:17.211,11367,218,100,False,0,2018,German Grand Prix,
3,27,MEDIUM,26.0,27.4,48.5,1001.3,False,44.6,146,2.0,00:17.451,11557,226,100,False,0,2018,German Grand Prix,
3,27,MEDIUM,26.0,27.4,48.5,1001.3,False,44.6,146,2.0,00:17.771,10205,232,100,False,0,2018,German Grand Prix,
3,27,MEDIUM,26.0,27.4,48.5,1001.3,False,44.6,146,2.0,00:18.011,10334,235,100,False,0,2018,German Grand Prix,
3,27,MEDIUM,26.0,27.4,48.5,1001.3,False,44.6,146,2.0,00:18.250,10620,241,100,False,0,2018,German Grand Prix,
3,27,MEDIUM,26.0,27.4,48.5,1001.3,False,44.6,146,2.0,00:18.490,10818,245,100,False,0,2018,German Grand Prix,
3,27,MEDIUM,26.0,27.4,48.5,1001.3,False,44.6,146,2.0,00:18.690,10968,249,100,False,0,2018,German Grand Prix,
3,27,MEDIUM,26.0,27.4,48.5,1001.3,False,44.6,146,2.0,00:18.930,11117,253,100,False,0,2018,German Grand Prix,
3,27,MEDIUM,26.0,27.4,48.5,1001.3,False,44.6,146,2.0,00:19.210,11304,258,100,False,0,2018,German Grand Prix,
3,27,MEDIUM,26.0,27.4,48.5,1001.3,False,44.6,146,2.0,00:19.450,11448,261,100,False,0,2018,German Grand Prix,
3,27,MEDIUM,26.0,27.4,48.5,1001.3,False,44.6,146,2.0,00:19.690,10608,264,100,False,0,2018,German Grand Prix,
3,27,MEDIUM,26.0,27.4,48.5,1001.3,False,44.6,146,2.0,00:19.891,10428,267,100,False,0,2018,German Grand Prix,
3,27,MEDIUM,26.0,27.4,48.5,1001.3,False,44.6,146,2.0,00:20.130,10428,269,100,False,0,2018,German Grand Prix,
3,27,MEDIUM,26.0,27.4,48.5,1001.3,False,44.6,146,2.0,00:20.370,10587,272,100,False,0,2018,German Grand Prix,
3,27,MEDIUM,26.0,27.4,48.5,1001.3,False,44.6,146,2.0,00:20.610,10724,274,100,False,0,2018,German Grand Prix,
3,27,MEDIUM,26.0,27.4,48.5,1001.3,False,44.6,146,2.0,00:20.850,10778,277,100,False,0,2018,German Grand Prix,
3,27,MEDIUM,26.0,27.4,48.5,1001.3,False,44.6,146,2.0,00:21.090,10878,279,100,False,0,2018,German Grand Prix,
3,27,MEDIUM,26.0,27.4,48.5,1001.3,False,44.6,146,2.0,00:21.291,10972,281,100,False,0,2018,German Grand Prix,
3,27,MEDIUM,26.0,27.4,48.5,1001.3,False,44.6,146,2.0,00:21.531,11010,283,100,False,0,2018,German Grand Prix,
3,27,MEDIUM,26.0,27.4,48.5,1001.3,False,44.6,146,2.0,00:21.770,11027,285,100,False,0,2018,German Grand Prix,
3,27,MEDIUM,26.0,27.4,48.5,1001.3,False,44.6,146,2.0,00:22.010,11181,286,100,False,0,2018,German Grand Prix,
3,27,MEDIUM,26.0,27.4,48.5,1001.3,False,44.6,146,2.0,00:22.250,11187,288,100,False,0,2018,German Grand Prix,
3,27,MEDIUM,26.0,27.4,48.5,1001.3,False,44.6,146,2.0,00:22.451,11219,289,100,False,0,2018,German Grand Prix,
3,27,MEDIUM,26.0,27.4,48.5,1001.3,False,44.6,146,2.0,00:22.691,11287,290,100,False,0,2018,German Grand Prix,
3,27,MEDIUM,26.0,27.4,48.5,1001.3,False,44.6,146,2.0,00:22.931,11331,291,100,False,0,2018,German Grand Prix,
3,27,MEDIUM,26.0,27.4,48.5,1001.3,False,44.6,146,2.0,00:23.171,11369,293,100,False,0,2018,German Grand Prix,
3,27,MEDIUM,26.0,27.4,48.5,1001.3,False,44.6,146,2.0,00:23.410,11427,294,100,False,0,2018,German Grand Prix,
3,27,MEDIUM,26.0,27.4,48.5,1001.3,False,44.6,146,2.0,00:23.690,10594,295,100,False,0,2018,German Grand Prix,
3,27,MEDIUM,26.0,27.4,48.5,1001.3,False,44.6,146,2.0,00:23.930,10300,296,100,False,0,2018,German Grand Prix,
3,27,MEDIUM,26.0,27.4,48.5,1001.3,False,44.6,146,2.0,00:24.131,10316,296,100,False,0,2018,German Grand Prix,
3,27,MEDIUM,26.0,27.4,48.5,1001.3,False,44.6,146,2.0,00:24.411,10368,297,100,False,0,2018,German Grand Prix,
3,27,MEDIUM,26.0,27.4,48.5,1001.3,False,44.6,146,2.0,00:24.651,10390,298,100,False,0,2018,German Grand Prix,
3,27,MEDIUM,26.0,27.4,48.5,1001.3,False,44.6,146,2.0,00:24.891,10398,299,100,False,0,2018,German Grand Prix,
3,27,MEDIUM,26.0,27.4,48.5,1001.3,False,44.6,146,2.0,00:25.171,10411,299,100,False,0,2018,German Grand Prix,
3,27,MEDIUM,26.0,27.4,48.5,1001.3,False,44.6,146,2.0,00:25.411,10419,300,100,False,0,2018,German Grand Prix,
3,27,MEDIUM,26.0,27.4,48.5,1001.3,False,44.6,146,2.0,00:25.650,10468,301,100,False,0,2018,German Grand Prix,
3,27,MEDIUM,26.0,27.4,48.5,1001.3,False,44.6,146,2.0,00:25.930,10476,301,100,False,0,2018,German Grand Prix,
3,27,MEDIUM,26.0,27.4,48.5,1001.3,False,44.6,146,2.0,00:26.170,10481,301,100,False,0,2018,German Grand Prix,
3,27,MEDIUM,26.0,27.4,48.5,1001.3,False,44.6,146,2.0,00:26.410,10520,302,100,False,0,2018,German Grand Prix,
3,27,MEDIUM,26.0,27.4,48.5,1001.3,False,44.6,146,2.0,00:26.650,10510,303,100,False,0,2018,German Grand Prix,
3,27,MEDIUM,26.0,27.4,48.5,1001.3,False,44.6,146,2.0,00:26.890,10560,302,100,False,0,2018,German Grand Prix,
3,27,MEDIUM,26.0,27.4,48.5,1001.3,False,44.6,146,2.0,00:27.130,10483,302,100,False,0,2018,German Grand Prix,
3,27,MEDIUM,26.0,27.4,48.5,1001.3,False,44.6,146,2.0,00:27.370,10460,301,100,False,0,2018,German Grand Prix,
3,27,MEDIUM,26.0,27.4,48.5,1001.3,False,44.6,146,2.0,00:27.610,10393,301,100,False,0,2018,German Grand Prix,
3,27,MEDIUM,26.0,27.4,48.5,1001.3,False,44.6,146,2.0,00:27.811,10386,300,100,False,0,2018,German Grand Prix,
3,27,MEDIUM,26.0,27.4,48.5,1001.3,False,44.6,146,2.0,00:28.050,10367,299,100,False,0,2018,German Grand Prix,
3,27,MEDIUM,26.0,27.4,48.5,1001.3,False,44.6,146,2.0,00:28.290,10397,298,100,False,0,2018,German Grand Prix,
3,27,MEDIUM,26.0,27.4,48.5,1001.3,False,44.6,146,2.0,00:28.530,10351,297,100,False,0,2018,German Grand Prix,
3,27,MEDIUM,26.0,27.4,48.5,1001.3,False,44.6,146,2.0,00:28.770,10046,294,0,False,0,2018,German Grand Prix,
3,27,MEDIUM,26.0,27.4,48.5,1001.3,False,44.6,146,2.0,00:28.971,9881,289,0,False,0,2018,German Grand Prix,
3,27,MEDIUM,26.0,27.4,48.5,1001.3,False,44.6,146,2.0,00:29.211,9452,281,0,True,0,2018,German Grand Prix,
3,27,MEDIUM,26.0,27.4,48.5,1001.3,False,44.6,146,2.0,00:29.570,8604,230,0,True,0,2018,German Grand Prix,
3,27,MEDIUM,26.0,27.4,48.5,1001.3,False,44.6,146,2.0,00:29.771,8544,206,0,True,0,2018,German Grand Prix,
3,27,MEDIUM,26.0,27.4,48.5,1001.3,False,44.6,146,2.0,00:30.011,9576,185,0,True,0,2018,German Grand Prix,
3,27,MEDIUM,26.0,27.4,48.5,1001.3,False,44.6,146,2.0,00:30.251,9471,161,0,True,0,2018,German Grand Prix,
3,27,MEDIUM,26.0,27.4,48.5,1001.3,False,44.6,146,2.0,00:30.490,9997,143,0,True,0,2018,German Grand Prix,
3,27,MEDIUM,26.0,27.4,48.5,1001.3,False,44.6,146,2.0,00:30.730,10053,128,0,True,0,2018,German Grand Prix,
3,27,MEDIUM,26.0,27.4,48.5,1001.3,False,44.6,146,2.0,00:30.931,9916,114,0,True,0,2018,German Grand Prix,
3,27,MEDIUM,26.0,27.4,48.5,1001.3,False,44.6,146,2.0,00:31.171,8765,99,0,True,0,2018,German Grand Prix,
3,27,MEDIUM,26.0,27.4,48.5,1001.3,False,44.6,146,2.0,00:31.411,7895,90,0,True,0,2018,German Grand Prix,
3,27,MEDIUM,26.0,27.4,48.5,1001.3,False,44.6,146,2.0,00:31.651,7264,82,0,True,0,2018,German Grand Prix,
3,27,MEDIUM,26.0,27.4,48.5,1001.3,False,44.6,146,2.0,00:31.891,6509,76,0,True,0,2018,German Grand Prix,
3,27,MEDIUM,26.0,27.4,48.5,1001.3,False,44.6,146,2.0,00:32.130,6106,72,0,False,0,2018,German Grand Prix,
3,27,MEDIUM,26.0,27.4,48.5,1001.3,False,44.6,146,2.0,00:32.331,5894,68,0,False,0,2018,German Grand Prix,
3,27,MEDIUM,26.0,27.4,48.5,1001.3,False,44.6,146,2.0,00:32.570,5720,63,0,False,0,2018,German Grand Prix,
3,27,MEDIUM,26.0,27.4,48.5,1001.3,False,44.6,146,2.0,00:32.850,5471,60,0,False,0,2018,German Grand Prix,
3,27,MEDIUM,26.0,27.4,48.5,1001.3,False,44.6,146,2.0,00:33.090,5525,59,3,False,0,2018,German Grand Prix,
3,27,MEDIUM,26.0,27.4,48.5,1001.3,False,44.6,146,2.0,00:33.330,6044,60,16,False,0,2018,German Grand Prix,
3,27,MEDIUM,26.0,27.4,48.5,1001.3,False,44.6,146,2.0,00:33.531,6310,62,21,False,0,2018,German Grand Prix,
3,27,MEDIUM,26.0,27.4,48.5,1001.3,False,44.6,146,2.0,00:33.770,6676,67,26,False,0,2018,German Grand Prix,
3,27,MEDIUM,26.0,27.4,48.5,1001.3,False,44.6,146,2.0,00:34.010,7129,70,36,False,0,2018,German Grand Prix,
3,27,MEDIUM,26.0,27.4,48.5,1001.3,False,44.6,146,2.0,00:34.250,7647,75,50,False,0,2018,German Grand Prix,
3,27,MEDIUM,26.0,27.4,48.5,1001.3,False,44.6,146,2.0,00:34.490,8373,83,59,False,0,2018,German Grand Prix,
3,27,MEDIUM,26.0,27.4,48.5,1001.3,False,44.6,146,2.0,00:34.730,9076,90,69,False,0,2018,German Grand Prix,
3,27,MEDIUM,26.0,27.4,48.5,1001.3,False,44.6,146,2.0,00:34.931,10196,99,78,False,0,2018,German Grand Prix,
3,27,MEDIUM,26.0,27.4,48.5,1001.3,False,44.6,146,2.0,00:35.171,11474,108,87,False,0,2018,German Grand Prix,
3,27,MEDIUM,26.0,27.4,48.5,1001.3,False,44.6,146,2.0,00:35.411,11365,119,92,False,0,2018,German Grand Prix,
3,27,MEDIUM,26.0,27.4,48.5,1001.3,False,44.6,146,2.0,00:35.650,10793,140,100,False,0,2018,German Grand Prix,
3,27,MEDIUM,26.0,27.4,48.5,1001.3,False,44.6,146,2.0,00:35.890,11605,151,100,False,0,2018,German Grand Prix,
3,27,MEDIUM,26.0,27.4,48.5,1001.3,False,44.6,146,2.0,00:36.130,10669,160,100,False,0,2018,German Grand Prix,
3,27,MEDIUM,26.0,27.4,48.5,1001.3,False,44.6,146,2.0,00:36.331,10647,169,100,False,0,2018,German Grand Prix,
3,27,MEDIUM,26.0,27.4,48.5,1001.3,False,44.6,146,2.0,00:36.571,11092,182,100,False,0,2018,German Grand Prix,
3,27,MEDIUM,26.0,27.4,48.5,1001.3,False,44.6,146,2.0,00:36.811,11705,190,100,False,0,2018,German Grand Prix,
3,27,MEDIUM,26.0,27.4,48.5,1001.3,False,44.6,146,2.0,00:37.051,10502,199,100,False,0,2018,German Grand Prix,
3,27,MEDIUM,26.0,27.4,48.5,1001.3,False,44.6,146,2.0,00:37.290,10685,206,100,False,0,2018,German Grand Prix,
3,27,MEDIUM,26.0,27.4,48.5,1001.3,False,44.6,146,2.0,00:37.491,10978,212,100,False,0,2018,German Grand Prix,
3,27,MEDIUM,26.0,27.4,48.5,1001.3,False,44.6,146,2.0,00:37.731,11221,218,100,False,0,2018,German Grand Prix,
3,27,MEDIUM,26.0,27.4,48.5,1001.3,False,44.6,146,2.0,00:37.971,11595,226,100,False,0,2018,German Grand Prix,
3,27,MEDIUM,26.0,27.4,48.5,1001.3,False,44.6,146,2.0,00:38.211,11435,230,100,False,0,2018,German Grand Prix,
3,27,MEDIUM,26.0,27.4,48.5,1001.3,False,44.6,146,2.0,00:38.451,10390,236,100,False,0,2018,German Grand Prix,
3,27,MEDIUM,26.0,27.4,48.5,1001.3,False,44.6,146,2.0,00:38.691,10530,238,100,False,0,2018,German Grand Prix,
3,27,MEDIUM,26.0,27.4,48.5,1001.3,False,44.6,146,2.0,00:38.930,10697,243,100,False,0,2018,German Grand Prix,
3,27,MEDIUM,26.0,27.4,48.5,1001.3,False,44.6,146,2.0,00:39.131,10847,247,100,False,0,2018,German Grand Prix,
3,27,MEDIUM,26.0,27.4,48.5,1001.3,False,44.6,146,2.0,00:39.371,10975,252,100,False,0,2018,German Grand Prix,
3,27,MEDIUM,26.0,27.4,48.5,1001.3,False,44.6,146,2.0,00:39.610,11158,254,100,False,0,2018,German Grand Prix,
3,27,MEDIUM,26.0,27.4,48.5,1001.3,False,44.6,146,2.0,00:39.850,11274,259,100,False,0,2018,German Grand Prix,
3,27,MEDIUM,26.0,27.4,48.5,1001.3,False,44.6,146,2.0,00:40.051,11366,261,100,False,0,2018,German Grand Prix,
3,27,MEDIUM,26.0,27.4,48.5,1001.3,False,44.6,146,2.0,00:40.290,11178,263,100,False,0,2018,German Grand Prix,
3,27,MEDIUM,26.0,27.4,48.5,1001.3,False,44.6,146,2.0,00:40.530,10400,265,100,False,0,2018,German Grand Prix,
3,27,MEDIUM,26.0,27.4,48.5,1001.3,False,44.6,146,2.0,00:40.770,10414,267,100,False,0,2018,German Grand Prix,
3,27,MEDIUM,26.0,27.4,48.5,1001.3,False,44.6,146,2.0,00:41.010,10517,269,100,False,0,2018,German Grand Prix,
3,27,MEDIUM,26.0,27.4,48.5,1001.3,False,44.6,146,2.0,00:41.250,10535,271,100,False,0,2018,German Grand Prix,
3,27,MEDIUM,26.0,27.4,48.5,1001.3,False,44.6,146,2.0,00:41.490,10615,271,100,False,0,2018,German Grand Prix,
3,27,MEDIUM,26.0,27.4,48.5,1001.3,False,44.6,146,2.0,00:41.691,10662,273,100,False,0,2018,German Grand Prix,
3,27,MEDIUM,26.0,27.4,48.5,1001.3,False,44.6,146,2.0,00:41.930,10678,273,100,False,0,2018,German Grand Prix,
3,27,MEDIUM,26.0,27.4,48.5,1001.3,False,44.6,146,2.0,00:42.170,10593,272,100,False,0,2018,German Grand Prix,
3,27,MEDIUM,26.0,27.4,48.5,1001.3,False,44.6,146,2.0,00:42.410,10581,273,100,False,0,2018,German Grand Prix,
3,27,MEDIUM,26.0,27.4,48.5,1001.3,False,44.6,146,2.0,00:42.611,10563,272,100,False,0,2018,German Grand Prix,
3,27,MEDIUM,26.0,27.4,48.5,1001.3,False,44.6,146,2.0,00:42.851,10568,272,100,False,0,2018,German Grand Prix,
3,27,MEDIUM,26.0,27.4,48.5,1001.3,False,44.6,146,2.0,00:43.091,10605,272,100,False,0,2018,German Grand Prix,
3,27,MEDIUM,26.0,27.4,48.5,1001.3,False,44.6,146,2.0,00:43.331,10441,272,100,False,0,2018,German Grand Prix,
3,27,MEDIUM,26.0,27.4,48.5,1001.3,False,44.6,146,2.0,00:43.571,10327,272,0,False,0,2018,German Grand Prix,
3,27,MEDIUM,26.0,27.4,48.5,1001.3,False,44.6,146,2.0,00:43.810,10029,265,0,False,0,2018,German Grand Prix,
3,27,MEDIUM,26.0,27.4,48.5,1001.3,False,44.6,146,2.0,00:44.011,9347,256,0,True,0,2018,German Grand Prix,
3,27,MEDIUM,26.0,27.4,48.5,1001.3,False,44.6,146,2.0,00:44.251,8323,220,0,True,0,2018,German Grand Prix,
3,27,MEDIUM,26.0,27.4,48.5,1001.3,False,44.6,146,2.0,00:44.491,8476,199,0,True,0,2018,German Grand Prix,
3,27,MEDIUM,26.0,27.4,48.5,1001.3,False,44.6,146,2.0,00:44.731,9640,179,0,True,0,2018,German Grand Prix,
3,27,MEDIUM,26.0,27.4,48.5,1001.3,False,44.6,146,2.0,00:44.971,9173,157,0,True,0,2018,German Grand Prix,
3,27,MEDIUM,26.0,27.4,48.5,1001.3,False,44.6,146,2.0,00:45.211,10074,145,0,True,0,2018,German Grand Prix,
3,27,MEDIUM,26.0,27.4,48.5,1001.3,False,44.6,146,2.0,00:45.451,9433,131,0,True,0,2018,German Grand Prix,
3,27,MEDIUM,26.0,27.4,48.5,1001.3,False,44.6,146,2.0,00:45.691,8875,126,0,True,0,2018,German Grand Prix,
3,27,MEDIUM,26.0,27.4,48.5,1001.3,False,44.6,146,2.0,00:45.931,8429,120,0,True,0,2018,German Grand Prix,
3,27,MEDIUM,26.0,27.4,48.5,1001.3,False,44.6,146,2.0,00:46.171,8220,116,0,False,0,2018,German Grand Prix,
3,27,MEDIUM,26.0,27.4,48.5,1001.3,False,44.6,146,2.0,00:46.411,7904,111,1,False,0,2018,German Grand Prix,
3,27,MEDIUM,26.0,27.4,48.5,1001.3,False,44.6,146,2.0,00:46.650,8264,107,12,False,0,2018,German Grand Prix,
3,27,MEDIUM,26.0,27.4,48.5,1001.3,False,44.6,146,2.0,00:46.851,8260,108,31,False,0,2018,German Grand Prix,
3,27,MEDIUM,26.0,27.4,48.5,1001.3,False,44.6,146,2.0,00:47.090,8467,109,37,False,0,2018,German Grand Prix,
3,27,MEDIUM,26.0,27.4,48.5,1001.3,False,44.6,146,2.0,00:47.450,8767,113,55,False,0,2018,German Grand Prix,
3,27,MEDIUM,26.0,27.4,48.5,1001.3,False,44.6,146,2.0,00:47.691,9292,118,63,False,0,2018,German Grand Prix,
3,27,MEDIUM,26.0,27.4,48.5,1001.3,False,44.6,146,2.0,00:47.971,9838,125,76,False,0,2018,German Grand Prix,
3,27,MEDIUM,26.0,27.4,48.5,1001.3,False,44.6,146,2.0,00:48.211,10601,132,79,False,0,2018,German Grand Prix,
3,27,MEDIUM,26.0,27.4,48.5,1001.3,False,44.6,146,2.0,00:48.450,10996,141,84,False,0,2018,German Grand Prix,
3,27,MEDIUM,26.0,27.4,48.5,1001.3,False,44.6,146,2.0,00:48.690,11518,148,90,False,0,2018,German Grand Prix,
3,27,MEDIUM,26.0,27.4,48.5,1001.3,False,44.6,146,2.0,00:48.930,11553,157,100,False,0,2018,German Grand Prix,
3,27,MEDIUM,26.0,27.4,48.5,1001.3,False,44.6,146,2.0,00:49.131,10519,166,100,False,0,2018,German Grand Prix,
3,27,MEDIUM,26.0,27.4,48.5,1001.3,False,44.6,146,2.0,00:49.371,11069,180,100,False,0,2018,German Grand Prix,
3,27,MEDIUM,26.0,27.4,48.5,1001.3,False,44.6,146,2.0,00:49.611,11233,187,100,False,0,2018,German Grand Prix,
3,27,MEDIUM,26.0,27.4,48.5,1001.3,False,44.6,146,2.0,00:49.851,9680,194,82,False,0,2018,German Grand Prix,
3,27,MEDIUM,26.0,27.4,48.5,1001.3,False,44.6,146,2.0,00:50.090,10040,195,70,False,0,2018,German Grand Prix,
3,27,MEDIUM,26.0,27.4,48.5,1001.3,False,44.6,146,2.0,00:50.330,10031,195,70,False,0,2018,German Grand Prix,
3,27,MEDIUM,26.0,27.4,48.5,1001.3,False,44.6,146,2.0,00:50.531,10050,196,71,False,0,2018,German Grand Prix,
3,27,MEDIUM,26.0,27.4,48.5,1001.3,False,44.6,146,2.0,00:50.771,10193,197,76,False,0,2018,German Grand Prix,
3,27,MEDIUM,26.0,27.4,48.5,1001.3,False,44.6,146,2.0,00:51.011,10281,198,77,False,0,2018,German Grand Prix,
3,27,MEDIUM,26.0,27.4,48.5,1001.3,False,44.6,146,2.0,00:51.251,10551,202,92,False,0,2018,German Grand Prix,
3,27,MEDIUM,26.0,27.4,48.5,1001.3,False,44.6,146,2.0,00:51.491,10825,206,100,False,0,2018,German Grand Prix,
3,27,MEDIUM,26.0,27.4,48.5,1001.3,False,44.6,146,2.0,00:51.730,10997,210,100,False,0,2018,German Grand Prix,
3,27,MEDIUM,26.0,27.4,48.5,1001.3,False,44.6,146,2.0,00:51.931,11205,214,100,False,0,2018,German Grand Prix,
3,27,MEDIUM,26.0,27.4,48.5,1001.3,False,44.6,146,2.0,00:52.171,11290,220,100,False,0,2018,German Grand Prix,
3,27,MEDIUM,26.0,27.4,48.5,1001.3,False,44.6,146,2.0,00:52.411,11492,226,100,False,0,2018,German Grand Prix,
3,27,MEDIUM,26.0,27.4,48.5,1001.3,False,44.6,146,2.0,00:52.651,10257,235,100,False,0,2018,German Grand Prix,
3,27,MEDIUM,26.0,27.4,48.5,1001.3,False,44.6,146,2.0,00:52.891,10290,235,100,False,0,2018,German Grand Prix,
3,27,MEDIUM,26.0,27.4,48.5,1001.3,False,44.6,146,2.0,00:53.131,10464,237,100,False,0,2018,German Grand Prix,
3,27,MEDIUM,26.0,27.4,48.5,1001.3,False,44.6,146,2.0,00:53.412,10678,242,100,False,0,2018,German Grand Prix,
3,27,MEDIUM,26.0,27.4,48.5,1001.3,False,44.6,146,2.0,00:53.651,10856,247,100,False,0,2018,German Grand Prix,
3,27,MEDIUM,26.0,27.4,48.5,1001.3,False,44.6,146,2.0,00:53.890,10990,250,100,False,0,2018,German Grand Prix,
3,27,MEDIUM,26.0,27.4,48.5,1001.3,False,44.6,146,2.0,00:54.130,11089,253,100,False,0,2018,German Grand Prix,
3,27,MEDIUM,26.0,27.4,48.5,1001.3,False,44.6,146,2.0,00:54.370,11110,257,100,False,0,2018,German Grand Prix,
3,27,MEDIUM,26.0,27.4,48.5,1001.3,False,44.6,146,2.0,00:54.610,11275,258,100,False,0,2018,German Grand Prix,
3,27,MEDIUM,26.0,27.4,48.5,1001.3,False,44.6,146,2.0,00:54.811,11281,259,100,False,0,2018,German Grand Prix,
3,27,MEDIUM,26.0,27.4,48.5,1001.3,False,44.6,146,2.0,00:55.051,11336,261,100,False,0,2018,German Grand Prix,
3,27,MEDIUM,26.0,27.4,48.5,1001.3,False,44.6,146,2.0,00:55.291,11387,261,100,False,0,2018,German Grand Prix,
3,27,MEDIUM,26.0,27.4,48.5,1001.3,False,44.6,146,2.0,00:55.530,11431,263,100,False,0,2018,German Grand Prix,
3,27,MEDIUM,26.0,27.4,48.5,1001.3,False,44.6,146,2.0,00:55.770,11337,264,100,False,0,2018,German Grand Prix,
3,27,MEDIUM,26.0,27.4,48.5,1001.3,False,44.6,146,2.0,00:56.010,11373,264,98,False,0,2018,German Grand Prix,
3,27,MEDIUM,26.0,27.4,48.5,1001.3,False,44.6,146,2.0,00:56.211,10934,261,0,True,0,2018,German Grand Prix,
3,27,MEDIUM,26.0,27.4,48.5,1001.3,False,44.6,146,2.0,00:56.451,10660,248,1,False,0,2018,German Grand Prix,
3,27,MEDIUM,26.0,27.4,48.5,1001.3,False,44.6,146,2.0,00:56.691,10325,243,12,False,0,2018,German Grand Prix,
3,27,MEDIUM,26.0,27.4,48.5,1001.3,False,44.6,146,2.0,00:56.931,10190,234,44,False,0,2018,German Grand Prix,
3,27,MEDIUM,26.0,27.4,48.5,1001.3,False,44.6,146,2.0,00:57.170,10097,232,60,False,0,2018,German Grand Prix,
3,27,MEDIUM,26.0,27.4,48.5,1001.3,False,44.6,146,2.0,00:57.371,9984,229,64,False,0,2018,German Grand Prix,
3,27,MEDIUM,26.0,27.4,48.5,1001.3,False,44.6,146,2.0,00:57.611,10009,227,76,False,0,2018,German Grand Prix,
3,27,MEDIUM,26.0,27.4,48.5,1001.3,False,44.6,146,2.0,00:57.851,9969,226,79,False,0,2018,German Grand Prix,
3,27,MEDIUM,26.0,27.4,48.5,1001.3,False,44.6,146,2.0,00:58.091,10107,225,100,False,0,2018,German Grand Prix,
3,27,MEDIUM,26.0,27.4,48.5,1001.3,False,44.6,146,2.0,00:58.331,10200,230,100,False,0,2018,German Grand Prix,
3,27,MEDIUM,26.0,27.4,48.5,1001.3,False,44.6,146,2.0,00:58.571,10273,234,100,False,0,2018,German Grand Prix,
3,27,MEDIUM,26.0,27.4,48.5,1001.3,False,44.6,146,2.0,00:58.812,10580,236,100,False,0,2018,German Grand Prix,
3,27,MEDIUM,26.0,27.4,48.5,1001.3,False,44.6,146,2.0,00:59.051,10591,243,100,False,0,2018,German Grand Prix,
3,27,MEDIUM,26.0,27.4,48.5,1001.3,False,44.6,146,2.0,00:59.372,10708,245,100,False,0,2018,German Grand Prix,
3,27,MEDIUM,26.0,27.4,48.5,1001.3,False,44.6,146,2.0,00:59.611,10847,247,100,False,0,2018,German Grand Prix,
3,27,MEDIUM,26.0,27.4,48.5,1001.3,False,44.6,146,2.0,00:59.851,10868,250,100,False,0,2018,German Grand Prix,
3,27,MEDIUM,26.0,27.4,48.5,1001.3,False,44.6,146,2.0,01:00.091,11000,252,100,False,0,2018,German Grand Prix,
3,27,MEDIUM,26.0,27.4,48.5,1001.3,False,44.6,146,2.0,01:00.331,11083,253,100,False,0,2018,German Grand Prix,
3,27,MEDIUM,26.0,27.4,48.5,1001.3,False,44.6,146,2.0,01:00.571,11076,254,100,False,0,2018,German Grand Prix,
3,27,MEDIUM,26.0,27.4,48.5,1001.3,False,44.6,146,2.0,01:00.771,11081,254,100,True,0,2018,German Grand Prix,
3,27,MEDIUM,26.0,27.4,48.5,1001.3,False,44.6,146,2.0,01:01.011,10316,239,0,True,0,2018,German Grand Prix,
3,27,MEDIUM,26.0,27.4,48.5,1001.3,False,44.6,146,2.0,01:01.250,9122,206,0,True,0,2018,German Grand Prix,
3,27,MEDIUM,26.0,27.4,48.5,1001.3,False,44.6,146,2.0,01:01.490,9190,186,0,True,0,2018,German Grand Prix,
3,27,MEDIUM,26.0,27.4,48.5,1001.3,False,44.6,146,2.0,01:01.730,10087,169,0,True,0,2018,German Grand Prix,
3,27,MEDIUM,26.0,27.4,48.5,1001.3,False,44.6,146,2.0,01:01.970,9051,164,0,True,0,2018,German Grand Prix,
3,27,MEDIUM,26.0,27.4,48.5,1001.3,False,44.6,146,2.0,01:02.171,10311,147,0,True,0,2018,German Grand Prix,
3,27,MEDIUM,26.0,27.4,48.5,1001.3,False,44.6,146,2.0,01:02.411,9679,139,0,True,0,2018,German Grand Prix,
3,27,MEDIUM,26.0,27.4,48.5,1001.3,False,44.6,146,2.0,01:02.651,9069,129,0,True,0,2018,German Grand Prix,
3,27,MEDIUM,26.0,27.4,48.5,1001.3,False,44.6,146,2.0,01:02.890,8694,124,0,True,0,2018,German Grand Prix,
3,27,MEDIUM,26.0,27.4,48.5,1001.3,False,44.6,146,2.0,01:03.130,8407,120,0,False,0,2018,German Grand Prix,
3,27,MEDIUM,26.0,27.4,48.5,1001.3,False,44.6,146,2.0,01:03.331,8184,117,0,False,0,2018,German Grand Prix,
3,27,MEDIUM,26.0,27.4,48.5,1001.3,False,44.6,146,2.0,01:03.611,8322,110,16,False,0,2018,German Grand Prix,
3,27,MEDIUM,26.0,27.4,48.5,1001.3,False,44.6,146,2.0,01:03.851,8413,111,41,False,0,2018,German Grand Prix,
3,27,MEDIUM,26.0,27.4,48.5,1001.3,False,44.6,146,2.0,01:04.091,8617,113,50,False,0,2018,German Grand Prix,
3,27,MEDIUM,26.0,27.4,48.5,1001.3,False,44.6,146,2.0,01:04.331,8937,116,55,False,0,2018,German Grand Prix,
3,27,MEDIUM,26.0,27.4,48.5,1001.3,False,44.6,146,2.0,01:04.571,9129,121,61,False,0,2018,German Grand Prix,
3,27,MEDIUM,26.0,27.4,48.5,1001.3,False,44.6,146,2.0,01:04.811,9707,125,71,False,0,2018,German Grand Prix,
3,27,MEDIUM,26.0,27.4,48.5,1001.3,False,44.6,146,2.0,01:05.050,10130,133,77,False,0,2018,German Grand Prix,
3,27,MEDIUM,26.0,27.4,48.5,1001.3,False,44.6,146,2.0,01:05.330,10869,139,81,False,0,2018,German Grand Prix,
3,27,MEDIUM,26.0,27.4,48.5,1001.3,False,44.6,146,2.0,01:05.531,11365,145,85,False,0,2018,German Grand Prix,
3,27,MEDIUM,26.0,27.4,48.5,1001.3,False,44.6,146,2.0,01:05.811,11545,153,92,False,0,2018,German Grand Prix,
3,27,MEDIUM,26.0,27.4,48.5,1001.3,False,44.6,146,2.0,01:06.051,10401,166,96,False,0,2018,German Grand Prix,
3,27,MEDIUM,26.0,27.4,48.5,1001.3,False,44.6,146,2.0,01:06.291,11135,175,100,False,0,2018,German Grand Prix,
3,27,MEDIUM,26.0,27.4,48.5,1001.3,False,44.6,146,2.0,01:06.531,11493,182,100,False,0,2018,German Grand Prix,
3,27,MEDIUM,26.0,27.4,48.5,1001.3,False,44.6,146,2.0,01:06.732,11073,189,100,False,0,2018,German Grand Prix,
3,27,MEDIUM,26.0,27.4,48.5,1001.3,False,44.6,146,2.0,01:06.971,10373,198,100,False,0,2018,German Grand Prix,
3,27,MEDIUM,26.0,27.4,48.5,1001.3,False,44.6,146,2.0,01:07.211,10435,204,100,False,0,2018,German Grand Prix,
3,27,MEDIUM,26.0,27.4,48.5,1001.3,False,44.6,146,2.0,01:07.451,10684,209,100,False,0,2018,German Grand Prix,
3,27,MEDIUM,26.0,27.4,48.5,1001.3,False,44.6,146,2.0,01:07.690,10967,212,100,False,0,2018,German Grand Prix,
3,27,MEDIUM,26.0,27.4,48.5,1001.3,False,44.6,146,2.0,01:07.891,11061,216,100,False,0,2018,German Grand Prix,
3,27,MEDIUM,26.0,27.4,48.5,1001.3,False,44.6,146,2.0,01:08.131,11278,219,100,False,0,2018,German Grand Prix,
3,27,MEDIUM,26.0,27.4,48.5,1001.3,False,44.6,146,2.0,01:08.371,11268,225,100,False,0,2018,German Grand Prix,
3,27,MEDIUM,26.0,27.4,48.5,1001.3,False,44.6,146,2.0,01:08.611,11248,226,50,False,0,2018,German Grand Prix,
3,27,MEDIUM,26.0,27.4,48.5,1001.3,False,44.6,146,2.0,01:08.850,10786,218,0,True,0,2018,German Grand Prix,
3,27,MEDIUM,26.0,27.4,48.5,1001.3,False,44.6,146,2.0,01:09.130,9985,208,0,True,0,2018,German Grand Prix,
3,27,MEDIUM,26.0,27.4,48.5,1001.3,False,44.6,146,2.0,01:09.370,9460,192,0,True,0,2018,German Grand Prix,
3,27,MEDIUM,26.0,27.4,48.5,1001.3,False,44.6,146,2.0,01:09.571,9054,183,0,True,0,2018,German Grand Prix,
3,27,MEDIUM,26.0,27.4,48.5,1001.3,False,44.6,146,2.0,01:09.811,8421,175,0,True,0,2018,German Grand Prix,
3,27,MEDIUM,26.0,27.4,48.5,1001.3,False,44.6,146,2.0,01:10.051,8182,166,0,False,0,2018,German Grand Prix,
3,27,MEDIUM,26.0,27.4,48.5,1001.3,False,44.6,146,2.0,01:10.291,7874,161,0,False,0,2018,German Grand Prix,
3,27,MEDIUM,26.0,27.4,48.5,1001.3,False,44.6,146,2.0,01:10.531,7699,157,0,False,0,2018,German Grand Prix,
3,27,MEDIUM,26.0,27.4,48.5,1001.3,False,44.6,146,2.0,01:10.770,7708,150,34,False,0,2018,German Grand Prix,
3,27,MEDIUM,26.0,27.4,48.5,1001.3,False,44.6,146,2.0,01:10.971,7866,151,60,False,0,2018,German Grand Prix,
3,27,MEDIUM,26.0,27.4,48.5,1001.3,False,44.6,146,2.0,01:11.291,8239,155,74,False,0,2018,German Grand Prix,
3,27,MEDIUM,26.0,27.4,48.5,1001.3,False,44.6,146,2.0,01:11.531,8346,158,77,False,0,2018,German Grand Prix,
3,27,MEDIUM,26.0,27.4,48.5,1001.3,False,44.6,146,2.0,01:11.771,8579,164,82,False,0,2018,German Grand Prix,
3,27,MEDIUM,26.0,27.4,48.5,1001.3,False,44.6,146,2.0,01:11.972,8752,168,90,False,0,2018,German Grand Prix,
3,27,MEDIUM,26.0,27.4,48.5,1001.3,False,44.6,146,2.0,01:12.211,9204,173,91,False,0,2018,German Grand Prix,
3,27,MEDIUM,26.0,27.4,48.5,1001.3,False,44.6,146,2.0,01:12.451,9336,181,88,False,0,2018,German Grand Prix,
3,27,MEDIUM,26.0,27.4,48.5,1001.3,False,44.6,146,2.0,01:12.692,9587,185,81,False,0,2018,German Grand Prix,
3,27,MEDIUM,26.0,27.4,48.5,1001.3,False,44.6,146,2.0,01:12.972,9512,186,57,False,0,2018,German Grand Prix,
3,27,MEDIUM,26.0,27.4,48.5,1001.3,False,44.6,146,2.0,01:13.211,9531,186,42,False,0,2018,German Grand Prix,
3,27,MEDIUM,26.0,27.4,48.5,1001.3,False,44.6,146,2.0,01:13.451,9411,184,36,False,0,2018,German Grand Prix,
3,27,MEDIUM,26.0,27.4,48.5,1001.3,False,44.6,146,2.0,01:13.691,9282,183,39,False,0,2018,German Grand Prix,
3,27,MEDIUM,26.0,27.4,48.5,1001.3,False,44.6,146,2.0,01:13.931,9200,180,47,False,0,2018,German Grand Prix,
3,27,MEDIUM,26.0,27.4,48.5,1001.3,False,44.6,146,2.0,01:14.132,9330,181,53,False,0,2018,German Grand Prix,
3,27,MEDIUM,26.0,27.4,48.5,1001.3,False,44.6,146,2.0,01:14.372,9568,183,81,False,0,2018,German Grand Prix,
3,27,MEDIUM,26.0,27.4,48.5,1001.3,False,44.6,146,2.0,01:14.612,9860,186,91,False,0,2018,German Grand Prix,
3,27,MEDIUM,26.0,27.4,48.5,1001.3,False,44.6,146,2.0,01:14.850,10192,194,100,False,0,2018,German Grand Prix,
3,27,MEDIUM,26.0,27.4,48.5,1001.3,False,44.6,146,2.0,01:15.090,10432,199,100,False,0,2018,German Grand Prix,
3,27,MEDIUM,26.0,27.4,48.5,1001.3,False,44.6,146,2.0,01:15.330,10736,204,100,False,0,2018,German Grand Prix,
3,27,MEDIUM,26.0,27.4,48.5,1001.3,False,44.6,146,2.0,01:15.531,11057,210,100,False,0,2018,German Grand Prix,
3,27,MEDIUM,26.0,27.4,48.5,1001.3,False,44.6,146,2.0,01:15.811,11074,218,100,False,0,2018,German Grand Prix,
3,27,MEDIUM,26.0,27.4,48.5,1001.3,False,44.6,146,2.0,01:16.051,11473,225,100,False,0,2018,German Grand Prix,
3,27,MEDIUM,26.0,27.4,48.5,1001.3,False,44.6,146,2.0,01:16.291,11528,230,100,False,0,2018,German Grand Prix,
3,27,MEDIUM,26.0,27.4,48.5,1001.3,False,44.6,146,2.0,01:16.531,10406,234,100,False,0,2018,German Grand Prix,
3,27,MEDIUM,26.0,27.4,48.5,1001.3,False,44.6,146,2.0,01:16.770,10319,240,100,False,0,2018,German Grand Prix,
3,27,MEDIUM,26.0,27.4,48.5,1001.3,False,44.6,146,2.0,01:16.971,10663,240,100,False,0,2018,German Grand Prix,
3,27,MEDIUM,26.0,27.4,48.5,1001.3,False,44.6,146,2.0,01:17.211,10889,247,100,False,0,2018,German Grand Prix,
3,27,MEDIUM,26.0,27.4,48.5,1001.3,False,44.6,146,2.0,01:17.451,11047,253,100,False,0,2018,German Grand Prix,
3,27,MEDIUM,26.0,27.4,48.5,1001.3,False,44.6,146,2.0,01:17.691,11238,256,100,False,0,2018,German Grand Prix,
3,27,MEDIUM,26.0,27.4,48.5,1001.3,False,44.6,146,2.0,01:17.931,11301,258,100,False,0,2018,German Grand Prix,
3,27,MEDIUM,26.0,27.4,48.5,1001.3,False,44.6,146,2.0,01:18.171,11416,262,100,False,0,2018,German Grand Prix,
3,27,MEDIUM,26.0,27.4,48.5,1001.3,False,44.6,146,2.0,01:18.411,10436,264,100,False,0,2018,German Grand Prix,
3,28,MEDIUM,27.0,27.4,48.4,1001.4,False,44.2,145,1.4,00:00.231,10461,268,100,False,0,2018,German Grand Prix,
3,28,MEDIUM,27.0,27.4,48.4,1001.4,False,44.2,145,1.4,00:00.471,10484,269,100,False,0,2018,German Grand Prix,
3,28,MEDIUM,27.0,27.4,48.4,1001.4,False,44.2,145,1.4,00:00.711,10568,272,100,False,0,2018,German Grand Prix,
3,28,MEDIUM,27.0,27.4,48.4,1001.4,False,44.2,145,1.4,00:00.951,10621,274,100,False,0,2018,German Grand Prix,
3,28,MEDIUM,27.0,27.4,48.4,1001.4,False,44.2,145,1.4,00:01.191,10618,275,100,False,0,2018,German Grand Prix,
3,28,MEDIUM,27.0,27.4,48.4,1001.4,False,44.2,145,1.4,00:01.392,10703,276,100,False,0,2018,German Grand Prix,
3,28,MEDIUM,27.0,27.4,48.4,1001.4,False,44.2,145,1.4,00:01.632,10706,276,100,False,0,2018,German Grand Prix,
3,28,MEDIUM,27.0,27.4,48.4,1001.4,False,44.2,145,1.4,00:01.871,10760,276,100,False,0,2018,German Grand Prix,
3,28,MEDIUM,27.0,27.4,48.4,1001.4,False,44.2,145,1.4,00:02.111,10757,277,100,False,0,2018,German Grand Prix,
3,28,MEDIUM,27.0,27.4,48.4,1001.4,False,44.2,145,1.4,00:02.351,10488,276,19,True,0,2018,German Grand Prix,
3,28,MEDIUM,27.0,27.4,48.4,1001.4,False,44.2,145,1.4,00:02.591,10556,268,0,True,0,2018,German Grand Prix,
3,28,MEDIUM,27.0,27.4,48.4,1001.4,False,44.2,145,1.4,00:02.792,10838,255,0,False,0,2018,German Grand Prix,
3,28,MEDIUM,27.0,27.4,48.4,1001.4,False,44.2,145,1.4,00:03.032,10369,246,3,False,0,2018,German Grand Prix,
3,28,MEDIUM,27.0,27.4,48.4,1001.4,False,44.2,145,1.4,00:03.272,10250,239,18,False,0,2018,German Grand Prix,
3,28,MEDIUM,27.0,27.4,48.4,1001.4,False,44.2,145,1.4,00:03.510,10140,238,41,False,0,2018,German Grand Prix,
3,28,MEDIUM,27.0,27.4,48.4,1001.4,False,44.2,145,1.4,00:03.750,10112,231,88,False,0,2018,German Grand Prix,
3,28,MEDIUM,27.0,27.4,48.4,1001.4,False,44.2,145,1.4,00:03.951,10358,232,100,False,0,2018,German Grand Prix,
3,28,MEDIUM,27.0,27.4,48.4,1001.4,False,44.2,145,1.4,00:04.231,10495,237,100,False,0,2018,German Grand Prix,
3,28,MEDIUM,27.0,27.4,48.4,1001.4,False,44.2,145,1.4,00:04.471,10629,239,100,False,0,2018,German Grand Prix,
3,28,MEDIUM,27.0,27.4,48.4,1001.4,False,44.2,145,1.4,00:04.711,10617,243,100,False,0,2018,German Grand Prix,
3,28,MEDIUM,27.0,27.4,48.4,1001.4,False,44.2,145,1.4,00:04.951,10914,247,100,False,0,2018,German Grand Prix,
3,28,MEDIUM,27.0,27.4,48.4,1001.4,False,44.2,145,1.4,00:05.191,11014,250,100,False,0,2018,German Grand Prix,
3,28,MEDIUM,27.0,27.4,48.4,1001.4,False,44.2,145,1.4,00:05.431,11119,255,100,False,0,2018,German Grand Prix,
3,28,MEDIUM,27.0,27.4,48.4,1001.4,False,44.2,145,1.4,00:05.670,11345,258,100,False,0,2018,German Grand Prix,
3,28,MEDIUM,27.0,27.4,48.4,1001.4,False,44.2,145,1.4,00:05.871,11444,260,100,False,0,2018,German Grand Prix,
3,28,MEDIUM,27.0,27.4,48.4,1001.4,False,44.2,145,1.4,00:06.111,10324,263,100,False,0,2018,German Grand Prix,
3,28,MEDIUM,27.0,27.4,48.4,1001.4,False,44.2,145,1.4,00:06.351,10443,266,100,False,0,2018,German Grand Prix,
3,28,MEDIUM,27.0,27.4,48.4,1001.4,False,44.2,145,1.4,00:06.591,10511,269,100,False,0,2018,German Grand Prix,
3,28,MEDIUM,27.0,27.4,48.4,1001.4,False,44.2,145,1.4,00:06.792,10636,271,100,False,0,2018,German Grand Prix,
3,28,MEDIUM,27.0,27.4,48.4,1001.4,False,44.2,145,1.4,00:07.031,10711,275,100,False,0,2018,German Grand Prix,
3,28,MEDIUM,27.0,27.4,48.4,1001.4,False,44.2,145,1.4,00:07.271,10786,277,100,False,0,2018,German Grand Prix,
3,28,MEDIUM,27.0,27.4,48.4,1001.4,False,44.2,145,1.4,00:07.511,10884,279,100,False,0,2018,German Grand Prix,
3,28,MEDIUM,27.0,27.4,48.4,1001.4,False,44.2,145,1.4,00:07.751,10965,281,100,False,0,2018,German Grand Prix,
3,28,MEDIUM,27.0,27.4,48.4,1001.4,False,44.2,145,1.4,00:07.991,10991,282,100,False,0,2018,German Grand Prix,
3,28,MEDIUM,27.0,27.4,48.4,1001.4,False,44.2,145,1.4,00:08.192,11056,284,100,False,0,2018,German Grand Prix,
3,28,MEDIUM,27.0,27.4,48.4,1001.4,False,44.2,145,1.4,00:08.432,11042,286,100,False,0,2018,German Grand Prix,
3,28,MEDIUM,27.0,27.4,48.4,1001.4,False,44.2,145,1.4,00:08.671,11111,286,100,False,0,2018,German Grand Prix,
3,28,MEDIUM,27.0,27.4,48.4,1001.4,False,44.2,145,1.4,00:08.911,11082,287,100,False,0,2018,German Grand Prix,
3,28,MEDIUM,27.0,27.4,48.4,1001.4,False,44.2,145,1.4,00:09.191,10847,287,100,False,0,2018,German Grand Prix,
3,28,MEDIUM,27.0,27.4,48.4,1001.4,False,44.2,145,1.4,00:09.431,10786,283,0,False,0,2018,German Grand Prix,
3,28,MEDIUM,27.0,27.4,48.4,1001.4,False,44.2,145,1.4,00:09.632,10599,276,0,True,0,2018,German Grand Prix,
3,28,MEDIUM,27.0,27.4,48.4,1001.4,False,44.2,145,1.4,00:09.872,9856,260,0,True,0,2018,German Grand Prix,
3,28,MEDIUM,27.0,27.4,48.4,1001.4,False,44.2,145,1.4,00:10.112,9108,248,0,True,0,2018,German Grand Prix,
3,28,MEDIUM,27.0,27.4,48.4,1001.4,False,44.2,145,1.4,00:10.351,9583,203,0,True,0,2018,German Grand Prix,
3,28,MEDIUM,27.0,27.4,48.4,1001.4,False,44.2,145,1.4,00:10.631,10078,174,0,True,0,2018,German Grand Prix,
3,28,MEDIUM,27.0,27.4,48.4,1001.4,False,44.2,145,1.4,00:10.870,9263,159,0,True,0,2018,German Grand Prix,
3,28,MEDIUM,27.0,27.4,48.4,1001.4,False,44.2,145,1.4,00:11.110,10124,146,0,True,0,2018,German Grand Prix,
3,28,MEDIUM,27.0,27.4,48.4,1001.4,False,44.2,145,1.4,00:11.311,9381,136,0,True,0,2018,German Grand Prix,
3,28,MEDIUM,27.0,27.4,48.4,1001.4,False,44.2,145,1.4,00:11.551,8900,124,0,True,0,2018,German Grand Prix,
3,28,MEDIUM,27.0,27.4,48.4,1001.4,False,44.2,145,1.4,00:11.791,8377,118,0,True,0,2018,German Grand Prix,
3,28,MEDIUM,27.0,27.4,48.4,1001.4,False,44.2,145,1.4,00:12.031,8100,112,0,False,0,2018,German Grand Prix,
3,28,MEDIUM,27.0,27.4,48.4,1001.4,False,44.2,145,1.4,00:12.271,7739,108,0,False,0,2018,German Grand Prix,
3,28,MEDIUM,27.0,27.4,48.4,1001.4,False,44.2,145,1.4,00:12.511,7609,106,0,False,0,2018,German Grand Prix,
3,28,MEDIUM,27.0,27.4,48.4,1001.4,False,44.2,145,1.4,00:12.751,7927,102,10,False,0,2018,German Grand Prix,
3,28,MEDIUM,27.0,27.4,48.4,1001.4,False,44.2,145,1.4,00:12.991,7761,101,25,False,0,2018,German Grand Prix,
3,28,MEDIUM,27.0,27.4,48.4,1001.4,False,44.2,145,1.4,00:13.231,7895,104,34,False,0,2018,German Grand Prix,
3,28,MEDIUM,27.0,27.4,48.4,1001.4,False,44.2,145,1.4,00:13.471,8083,105,44,False,0,2018,German Grand Prix,
3,28,MEDIUM,27.0,27.4,48.4,1001.4,False,44.2,145,1.4,00:13.711,8561,108,55,False,0,2018,German Grand Prix,
3,28,MEDIUM,27.0,27.4,48.4,1001.4,False,44.2,145,1.4,00:13.951,8997,114,61,False,0,2018,German Grand Prix,
3,28,MEDIUM,27.0,27.4,48.4,1001.4,False,44.2,145,1.4,00:14.152,9332,118,69,False,0,2018,German Grand Prix,
3,28,MEDIUM,27.0,27.4,48.4,1001.4,False,44.2,145,1.4,00:14.391,9904,124,81,False,0,2018,German Grand Prix,
3,28,MEDIUM,27.0,27.4,48.4,1001.4,False,44.2,145,1.4,00:14.631,10428,136,93,False,0,2018,German Grand Prix,
3,28,MEDIUM,27.0,27.4,48.4,1001.4,False,44.2,145,1.4,00:14.871,11308,146,96,False,0,2018,German Grand Prix,
3,28,MEDIUM,27.0,27.4,48.4,1001.4,False,44.2,145,1.4,00:15.111,11795,155,95,False,0,2018,German Grand Prix,
3,28,MEDIUM,27.0,27.4,48.4,1001.4,False,44.2,145,1.4,00:15.312,11375,164,95,False,0,2018,German Grand Prix,
3,28,MEDIUM,27.0,27.4,48.4,1001.4,False,44.2,145,1.4,00:15.552,10731,174,94,False,0,2018,German Grand Prix,
3,28,MEDIUM,27.0,27.4,48.4,1001.4,False,44.2,145,1.4,00:15.792,11210,174,94,False,0,2018,German Grand Prix,
3,28,MEDIUM,27.0,27.4,48.4,1001.4,False,44.2,145,1.4,00:16.031,11887,190,100,False,0,2018,German Grand Prix,
3,28,MEDIUM,27.0,27.4,48.4,1001.4,False,44.2,145,1.4,00:16.271,10347,195,100,False,0,2018,German Grand Prix,
3,28,MEDIUM,27.0,27.4,48.4,1001.4,False,44.2,145,1.4,00:16.551,10633,204,100,False,0,2018,German Grand Prix,
3,28,MEDIUM,27.0,27.4,48.4,1001.4,False,44.2,145,1.4,00:16.791,10999,210,100,False,0,2018,German Grand Prix,
3,28,MEDIUM,27.0,27.4,48.4,1001.4,False,44.2,145,1.4,00:16.992,11143,215,100,False,0,2018,German Grand Prix,
3,28,MEDIUM,27.0,27.4,48.4,1001.4,False,44.2,145,1.4,00:17.232,11485,223,100,False,0,2018,German Grand Prix,
3,28,MEDIUM,27.0,27.4,48.4,1001.4,False,44.2,145,1.4,00:17.471,11451,228,100,False,0,2018,German Grand Prix,
3,28,MEDIUM,27.0,27.4,48.4,1001.4,False,44.2,145,1.4,00:17.711,10203,232,100,False,0,2018,German Grand Prix,
3,28,MEDIUM,27.0,27.4,48.4,1001.4,False,44.2,145,1.4,00:17.951,10378,237,100,False,0,2018,German Grand Prix,
3,28,MEDIUM,27.0,27.4,48.4,1001.4,False,44.2,145,1.4,00:18.190,10669,239,100,False,0,2018,German Grand Prix,
3,28,MEDIUM,27.0,27.4,48.4,1001.4,False,44.2,145,1.4,00:18.391,10810,245,100,False,0,2018,German Grand Prix,
3,28,MEDIUM,27.0,27.4,48.4,1001.4,False,44.2,145,1.4,00:18.631,10999,251,100,False,0,2018,German Grand Prix,
3,28,MEDIUM,27.0,27.4,48.4,1001.4,False,44.2,145,1.4,00:18.871,11202,255,100,False,0,2018,German Grand Prix,
3,28,MEDIUM,27.0,27.4,48.4,1001.4,False,44.2,145,1.4,00:19.111,11342,258,100,False,0,2018,German Grand Prix,
3,28,MEDIUM,27.0,27.4,48.4,1001.4,False,44.2,145,1.4,00:19.351,11073,263,100,False,0,2018,German Grand Prix,
3,28,MEDIUM,27.0,27.4,48.4,1001.4,False,44.2,145,1.4,00:19.591,10295,265,100,False,0,2018,German Grand Prix,
3,28,MEDIUM,27.0,27.4,48.4,1001.4,False,44.2,145,1.4,00:19.831,10509,269,100,False,0,2018,German Grand Prix,
3,28,MEDIUM,27.0,27.4,48.4,1001.4,False,44.2,145,1.4,00:20.071,10606,271,100,False,0,2018,German Grand Prix,
3,28,MEDIUM,27.0,27.4,48.4,1001.4,False,44.2,145,1.4,00:20.311,10663,273,100,False,0,2018,German Grand Prix,
3,28,MEDIUM,27.0,27.4,48.4,1001.4,False,44.2,145,1.4,00:20.551,10772,276,100,False,0,2018,German Grand Prix,
3,28,MEDIUM,27.0,27.4,48.4,1001.4,False,44.2,145,1.4,00:20.791,10867,278,100,False,0,2018,German Grand Prix,
3,28,MEDIUM,27.0,27.4,48.4,1001.4,False,44.2,145,1.4,00:20.992,10916,279,100,False,0,2018,German Grand Prix,
3,28,MEDIUM,27.0,27.4,48.4,1001.4,False,44.2,145,1.4,00:21.232,10992,282,100,False,0,2018,German Grand Prix,
3,28,MEDIUM,27.0,27.4,48.4,1001.4,False,44.2,145,1.4,00:21.471,11082,284,100,False,0,2018,German Grand Prix,
3,28,MEDIUM,27.0,27.4,48.4,1001.4,False,44.2,145,1.4,00:21.711,11119,286,100,False,0,2018,German Grand Prix,
3,28,MEDIUM,27.0,27.4,48.4,1001.4,False,44.2,145,1.4,00:21.951,11165,287,100,False,0,2018,German Grand Prix,
3,28,MEDIUM,27.0,27.4,48.4,1001.4,False,44.2,145,1.4,00:22.191,11200,288,100,False,0,2018,German Grand Prix,
3,28,MEDIUM,27.0,27.4,48.4,1001.4,False,44.2,145,1.4,00:22.471,11279,290,100,False,0,2018,German Grand Prix,
3,28,MEDIUM,27.0,27.4,48.4,1001.4,False,44.2,145,1.4,00:22.672,11300,290,100,False,0,2018,German Grand Prix,
3,28,MEDIUM,27.0,27.4,48.4,1001.4,False,44.2,145,1.4,00:22.912,11335,291,100,False,0,2018,German Grand Prix,
3,28,MEDIUM,27.0,27.4,48.4,1001.4,False,44.2,145,1.4,00:23.152,11366,293,100,False,0,2018,German Grand Prix,
3,28,MEDIUM,27.0,27.4,48.4,1001.4,False,44.2,145,1.4,00:23.392,11401,293,100,False,0,2018,German Grand Prix,
3,28,MEDIUM,27.0,27.4,48.4,1001.4,False,44.2,145,1.4,00:23.631,10855,294,100,False,0,2018,German Grand Prix,
3,28,MEDIUM,27.0,27.4,48.4,1001.4,False,44.2,145,1.4,00:23.832,10305,294,100,False,0,2018,German Grand Prix,
3,28,MEDIUM,27.0,27.4,48.4,1001.4,False,44.2,145,1.4,00:24.072,10285,295,100,False,0,2018,German Grand Prix,
3,28,MEDIUM,27.0,27.4,48.4,1001.4,False,44.2,145,1.4,00:24.312,10306,295,100,False,0,2018,German Grand Prix,
3,28,MEDIUM,27.0,27.4,48.4,1001.4,False,44.2,145,1.4,00:24.551,10304,297,100,False,0,2018,German Grand Prix,
3,28,MEDIUM,27.0,27.4,48.4,1001.4,False,44.2,145,1.4,00:24.791,10328,297,100,False,0,2018,German Grand Prix,
3,28,MEDIUM,27.0,27.4,48.4,1001.4,False,44.2,145,1.4,00:25.031,10362,297,100,False,0,2018,German Grand Prix,
3,28,MEDIUM,27.0,27.4,48.4,1001.4,False,44.2,145,1.4,00:25.270,10381,298,100,False,0,2018,German Grand Prix,
3,28,MEDIUM,27.0,27.4,48.4,1001.4,False,44.2,145,1.4,00:25.471,10403,298,100,False,0,2018,German Grand Prix,
3,28,MEDIUM,27.0,27.4,48.4,1001.4,False,44.2,145,1.4,00:25.711,10424,299,100,False,0,2018,German Grand Prix,
3,28,MEDIUM,27.0,27.4,48.4,1001.4,False,44.2,145,1.4,00:25.991,10397,299,100,False,0,2018,German Grand Prix,
3,28,MEDIUM,27.0,27.4,48.4,1001.4,False,44.2,145,1.4,00:26.231,10410,298,100,False,0,2018,German Grand Prix,
3,28,MEDIUM,27.0,27.4,48.4,1001.4,False,44.2,145,1.4,00:26.471,10400,298,100,False,0,2018,German Grand Prix,
3,28,MEDIUM,27.0,27.4,48.4,1001.4,False,44.2,145,1.4,00:26.672,10314,297,100,False,0,2018,German Grand Prix,
3,28,MEDIUM,27.0,27.4,48.4,1001.4,False,44.2,145,1.4,00:26.911,10244,297,100,False,0,2018,German Grand Prix,
3,28,MEDIUM,27.0,27.4,48.4,1001.4,False,44.2,145,1.4,00:27.151,10314,296,100,False,0,2018,German Grand Prix,
3,28,MEDIUM,27.0,27.4,48.4,1001.4,False,44.2,145,1.4,00:27.391,10233,296,100,False,0,2018,German Grand Prix,
3,28,MEDIUM,27.0,27.4,48.4,1001.4,False,44.2,145,1.4,00:27.631,10187,296,100,False,0,2018,German Grand Prix,
3,28,MEDIUM,27.0,27.4,48.4,1001.4,False,44.2,145,1.4,00:27.871,10186,295,100,False,0,2018,German Grand Prix,
3,28,MEDIUM,27.0,27.4,48.4,1001.4,False,44.2,145,1.4,00:28.072,10123,294,100,False,0,2018,German Grand Prix,
3,28,MEDIUM,27.0,27.4,48.4,1001.4,False,44.2,145,1.4,00:28.391,10125,291,100,False,0,2018,German Grand Prix,
3,28,MEDIUM,27.0,27.4,48.4,1001.4,False,44.2,145,1.4,00:28.592,9866,290,20,False,0,2018,German Grand Prix,
3,28,MEDIUM,27.0,27.4,48.4,1001.4,False,44.2,145,1.4,00:28.872,9854,290,0,False,0,2018,German Grand Prix,
3,28,MEDIUM,27.0,27.4,48.4,1001.4,False,44.2,145,1.4,00:29.112,9394,277,0,False,0,2018,German Grand Prix,
3,28,MEDIUM,27.0,27.4,48.4,1001.4,False,44.2,145,1.4,00:29.351,8783,259,0,True,0,2018,German Grand Prix,
3,28,MEDIUM,27.0,27.4,48.4,1001.4,False,44.2,145,1.4,00:29.591,8363,233,0,True,0,2018,German Grand Prix,
3,28,MEDIUM,27.0,27.4,48.4,1001.4,False,44.2,145,1.4,00:29.792,8450,209,0,True,0,2018,German Grand Prix,
3,28,MEDIUM,27.0,27.4,48.4,1001.4,False,44.2,145,1.4,00:30.032,8627,177,0,True,0,2018,German Grand Prix,
3,28,MEDIUM,27.0,27.4,48.4,1001.4,False,44.2,145,1.4,00:30.312,9711,160,0,True,0,2018,German Grand Prix,
3,28,MEDIUM,27.0,27.4,48.4,1001.4,False,44.2,145,1.4,00:30.552,9629,142,0,True,0,2018,German Grand Prix,
3,28,MEDIUM,27.0,27.4,48.4,1001.4,False,44.2,145,1.4,00:30.792,9855,119,0,True,0,2018,German Grand Prix,
3,28,MEDIUM,27.0,27.4,48.4,1001.4,False,44.2,145,1.4,00:31.072,8976,101,0,True,0,2018,German Grand Prix,
3,28,MEDIUM,27.0,27.4,48.4,1001.4,False,44.2,145,1.4,00:31.312,7853,93,0,True,0,2018,German Grand Prix,
3,28,MEDIUM,27.0,27.4,48.4,1001.4,False,44.2,145,1.4,00:31.550,7314,82,0,True,0,2018,German Grand Prix,
3,28,MEDIUM,27.0,27.4,48.4,1001.4,False,44.2,145,1.4,00:31.790,6564,79,0,True,0,2018,German Grand Prix,
3,28,MEDIUM,27.0,27.4,48.4,1001.4,False,44.2,145,1.4,00:31.991,5781,72,0,False,0,2018,German Grand Prix,
3,28,MEDIUM,27.0,27.4,48.4,1001.4,False,44.2,145,1.4,00:32.231,5568,65,0,False,0,2018,German Grand Prix,
3,28,MEDIUM,27.0,27.4,48.4,1001.4,False,44.2,145,1.4,00:32.471,5265,59,0,False,0,2018,German Grand Prix,
3,28,MEDIUM,27.0,27.4,48.4,1001.4,False,44.2,145,1.4,00:32.711,5097,57,0,False,0,2018,German Grand Prix,
3,28,MEDIUM,27.0,27.4,48.4,1001.4,False,44.2,145,1.4,00:32.951,5304,56,12,False,0,2018,German Grand Prix,
3,28,MEDIUM,27.0,27.4,48.4,1001.4,False,44.2,145,1.4,00:33.192,5625,57,19,False,0,2018,German Grand Prix,
3,28,MEDIUM,27.0,27.4,48.4,1001.4,False,44.2,145,1.4,00:33.431,5783,60,28,False,0,2018,German Grand Prix,
3,28,MEDIUM,27.0,27.4,48.4,1001.4,False,44.2,145,1.4,00:33.711,6145,62,37,False,0,2018,German Grand Prix,
3,28,MEDIUM,27.0,27.4,48.4,1001.4,False,44.2,145,1.4,00:33.951,6145,64,37,False,0,2018,German Grand Prix,
3,28,MEDIUM,27.0,27.4,48.4,1001.4,False,44.2,145,1.4,00:34.191,7292,72,53,False,0,2018,German Grand Prix,
3,28,MEDIUM,27.0,27.4,48.4,1001.4,False,44.2,145,1.4,00:34.431,7815,80,64,False,0,2018,German Grand Prix,
3,28,MEDIUM,27.0,27.4,48.4,1001.4,False,44.2,145,1.4,00:34.671,8385,85,71,False,0,2018,German Grand Prix,
3,28,MEDIUM,27.0,27.4,48.4,1001.4,False,44.2,145,1.4,00:34.872,9110,91,79,False,0,2018,German Grand Prix,
3,28,MEDIUM,27.0,27.4,48.4,1001.4,False,44.2,145,1.4,00:35.112,10116,100,84,False,0,2018,German Grand Prix,
3,28,MEDIUM,27.0,27.4,48.4,1001.4,False,44.2,145,1.4,00:35.351,11197,113,93,False,0,2018,German Grand Prix,
3,28,MEDIUM,27.0,27.4,48.4,1001.4,False,44.2,145,1.4,00:35.591,11668,122,96,False,0,2018,German Grand Prix,
3,28,MEDIUM,27.0,27.4,48.4,1001.4,False,44.2,145,1.4,00:35.831,10062,136,100,False,0,2018,German Grand Prix,
3,28,MEDIUM,27.0,27.4,48.4,1001.4,False,44.2,145,1.4,00:36.032,10946,146,100,False,0,2018,German Grand Prix,
3,28,MEDIUM,27.0,27.4,48.4,1001.4,False,44.2,145,1.4,00:36.272,11740,150,100,False,0,2018,German Grand Prix,
3,28,MEDIUM,27.0,27.4,48.4,1001.4,False,44.2,145,1.4,00:36.552,10474,165,100,False,0,2018,German Grand Prix,
3,28,MEDIUM,27.0,27.4,48.4,1001.4,False,44.2,145,1.4,00:36.792,10672,172,100,False,0,2018,German Grand Prix,
3,28,MEDIUM,27.0,27.4,48.4,1001.4,False,44.2,145,1.4,00:37.032,11045,182,100,False,0,2018,German Grand Prix,
3,28,MEDIUM,27.0,27.4,48.4,1001.4,False,44.2,145,1.4,00:37.271,11523,188,100,False,0,2018,German Grand Prix,
3,28,MEDIUM,27.0,27.4,48.4,1001.4,False,44.2,145,1.4,00:37.511,11903,190,100,False,0,2018,German Grand Prix,
3,28,MEDIUM,27.0,27.4,48.4,1001.4,False,44.2,145,1.4,00:37.712,10783,198,100,False,0,2018,German Grand Prix,
3,28,MEDIUM,27.0,27.4,48.4,1001.4,False,44.2,145,1.4,00:37.952,10375,205,100,False,0,2018,German Grand Prix,
3,28,MEDIUM,27.0,27.4,48.4,1001.4,False,44.2,145,1.4,00:38.192,10779,207,100,False,0,2018,German Grand Prix,
3,28,MEDIUM,27.0,27.4,48.4,1001.4,False,44.2,145,1.4,00:38.431,10904,214,100,False,0,2018,German Grand Prix,
3,28,MEDIUM,27.0,27.4,48.4,1001.4,False,44.2,145,1.4,00:38.671,11159,218,100,False,0,2018,German Grand Prix,
3,28,MEDIUM,27.0,27.4,48.4,1001.4,False,44.2,145,1.4,00:38.911,11281,222,100,False,0,2018,German Grand Prix,
3,28,MEDIUM,27.0,27.4,48.4,1001.4,False,44.2,145,1.4,00:39.151,11500,226,100,False,0,2018,German Grand Prix,
3,28,MEDIUM,27.0,27.4,48.4,1001.4,False,44.2,145,1.4,00:39.391,11351,229,100,False,0,2018,German Grand Prix,
3,28,MEDIUM,27.0,27.4,48.4,1001.4,False,44.2,145,1.4,00:39.631,10249,232,100,False,0,2018,German Grand Prix,
3,28,MEDIUM,27.0,27.4,48.4,1001.4,False,44.2,145,1.4,00:39.871,10206,235,100,False,0,2018,German Grand Prix,
3,28,MEDIUM,27.0,27.4,48.4,1001.4,False,44.2,145,1.4,00:40.151,10367,238,100,False,0,2018,German Grand Prix,
3,28,MEDIUM,27.0,27.4,48.4,1001.4,False,44.2,145,1.4,00:40.391,10503,240,100,False,0,2018,German Grand Prix,
3,28,MEDIUM,27.0,27.4,48.4,1001.4,False,44.2,145,1.4,00:40.592,10600,242,100,False,0,2018,German Grand Prix,
3,28,MEDIUM,27.0,27.4,48.4,1001.4,False,44.2,145,1.4,00:40.832,10662,245,100,False,0,2018,German Grand Prix,
3,28,MEDIUM,27.0,27.4,48.4,1001.4,False,44.2,145,1.4,00:41.071,10795,247,100,False,0,2018,German Grand Prix,
3,28,MEDIUM,27.0,27.4,48.4,1001.4,False,44.2,145,1.4,00:41.311,10790,249,94,False,0,2018,German Grand Prix,
3,28,MEDIUM,27.0,27.4,48.4,1001.4,False,44.2,145,1.4,00:41.551,10886,249,95,False,0,2018,German Grand Prix,
3,28,MEDIUM,27.0,27.4,48.4,1001.4,False,44.2,145,1.4,00:41.791,10890,250,100,False,0,2018,German Grand Prix,
3,28,MEDIUM,27.0,27.4,48.4,1001.4,False,44.2,145,1.4,00:41.992,11039,251,100,False,0,2018,German Grand Prix,
3,28,MEDIUM,27.0,27.4,48.4,1001.4,False,44.2,145,1.4,00:42.232,11043,253,100,False,0,2018,German Grand Prix,
3,28,MEDIUM,27.0,27.4,48.4,1001.4,False,44.2,145,1.4,00:42.472,11050,253,100,False,0,2018,German Grand Prix,
3,28,MEDIUM,27.0,27.4,48.4,1001.4,False,44.2,145,1.4,00:42.711,11183,254,100,False,0,2018,German Grand Prix,
3,28,MEDIUM,27.0,27.4,48.4,1001.4,False,44.2,145,1.4,00:42.951,11157,255,100,False,0,2018,German Grand Prix,
3,28,MEDIUM,27.0,27.4,48.4,1001.4,False,44.2,145,1.4,00:43.191,11206,256,100,False,0,2018,German Grand Prix,
3,28,MEDIUM,27.0,27.4,48.4,1001.4,False,44.2,145,1.4,00:43.392,11171,257,100,False,0,2018,German Grand Prix,
3,28,MEDIUM,27.0,27.4,48.4,1001.4,False,44.2,145,1.4,00:43.632,11159,257,100,False,0,2018,German Grand Prix,
3,28,MEDIUM,27.0,27.4,48.4,1001.4,False,44.2,145,1.4,00:43.872,10714,257,10,False,0,2018,German Grand Prix,
3,28,MEDIUM,27.0,27.4,48.4,1001.4,False,44.2,145,1.4,00:44.112,10671,253,0,False,0,2018,German Grand Prix,
3,28,MEDIUM,27.0,27.4,48.4,1001.4,False,44.2,145,1.4,00:44.352,10789,245,0,False,0,2018,German Grand Prix,
3,28,MEDIUM,27.0,27.4,48.4,1001.4,False,44.2,145,1.4,00:44.591,10312,240,0,True,0,2018,German Grand Prix,
3,28,MEDIUM,27.0,27.4,48.4,1001.4,False,44.2,145,1.4,00:44.792,9370,226,0,True,0,2018,German Grand Prix,
3,28,MEDIUM,27.0,27.4,48.4,1001.4,False,44.2,145,1.4,00:45.032,8568,200,0,True,0,2018,German Grand Prix,
3,28,MEDIUM,27.0,27.4,48.4,1001.4,False,44.2,145,1.4,00:45.272,9292,182,0,True,0,2018,German Grand Prix,
3,28,MEDIUM,27.0,27.4,48.4,1001.4,False,44.2,145,1.4,00:45.511,9406,166,0,True,0,2018,German Grand Prix,
3,28,MEDIUM,27.0,27.4,48.4,1001.4,False,44.2,145,1.4,00:45.751,8944,146,0,True,0,2018,German Grand Prix,
3,28,MEDIUM,27.0,27.4,48.4,1001.4,False,44.2,145,1.4,00:45.992,9411,133,0,True,0,2018,German Grand Prix,
3,28,MEDIUM,27.0,27.4,48.4,1001.4,False,44.2,145,1.4,00:46.272,8477,120,0,True,0,2018,German Grand Prix,
3,28,MEDIUM,27.0,27.4,48.4,1001.4,False,44.2,145,1.4,00:46.511,8041,113,0,True,0,2018,German Grand Prix,
3,28,MEDIUM,27.0,27.4,48.4,1001.4,False,44.2,145,1.4,00:46.751,7754,108,0,False,0,2018,German Grand Prix,
3,28,MEDIUM,27.0,27.4,48.4,1001.4,False,44.2,145,1.4,00:46.991,7567,105,11,False,0,2018,German Grand Prix,
3,28,MEDIUM,27.0,27.4,48.4,1001.4,False,44.2,145,1.4,00:47.231,7523,101,23,False,0,2018,German Grand Prix,
3,28,MEDIUM,27.0,27.4,48.4,1001.4,False,44.2,145,1.4,00:47.471,7688,102,30,False,0,2018,German Grand Prix,
3,28,MEDIUM,27.0,27.4,48.4,1001.4,False,44.2,145,1.4,00:47.672,7689,103,31,False,0,2018,German Grand Prix,
3,28,MEDIUM,27.0,27.4,48.4,1001.4,False,44.2,145,1.4,00:47.912,7750,102,45,False,0,2018,German Grand Prix,
3,28,MEDIUM,27.0,27.4,48.4,1001.4,False,44.2,145,1.4,00:48.151,7939,105,56,False,0,2018,German Grand Prix,
3,28,MEDIUM,27.0,27.4,48.4,1001.4,False,44.2,145,1.4,00:48.391,8388,107,63,False,0,2018,German Grand Prix,
3,28,MEDIUM,27.0,27.4,48.4,1001.4,False,44.2,145,1.4,00:48.631,8545,114,69,False,0,2018,German Grand Prix,
3,28,MEDIUM,27.0,27.4,48.4,1001.4,False,44.2,145,1.4,00:48.871,9012,118,71,False,0,2018,German Grand Prix,
3,28,MEDIUM,27.0,27.4,48.4,1001.4,False,44.2,145,1.4,00:49.072,9318,122,76,False,0,2018,German Grand Prix,
3,28,MEDIUM,27.0,27.4,48.4,1001.4,False,44.2,145,1.4,00:49.312,9729,127,79,False,0,2018,German Grand Prix,
3,28,MEDIUM,27.0,27.4,48.4,1001.4,False,44.2,145,1.4,00:49.552,10074,134,79,False,0,2018,German Grand Prix,
3,28,MEDIUM,27.0,27.4,48.4,1001.4,False,44.2,145,1.4,00:49.792,10482,139,79,False,0,2018,German Grand Prix,
3,28,MEDIUM,27.0,27.4,48.4,1001.4,False,44.2,145,1.4,00:50.031,10652,146,79,False,0,2018,German Grand Prix,
3,28,MEDIUM,27.0,27.4,48.4,1001.4,False,44.2,145,1.4,00:50.232,11078,150,79,False,0,2018,German Grand Prix,
3,28,MEDIUM,27.0,27.4,48.4,1001.4,False,44.2,145,1.4,00:50.472,11354,154,78,False,0,2018,German Grand Prix,
3,28,MEDIUM,27.0,27.4,48.4,1001.4,False,44.2,145,1.4,00:50.712,9674,157,72,False,0,2018,German Grand Prix,
3,28,MEDIUM,27.0,27.4,48.4,1001.4,False,44.2,145,1.4,00:50.952,9522,159,29,False,0,2018,German Grand Prix,
3,28,MEDIUM,27.0,27.4,48.4,1001.4,False,44.2,145,1.4,00:51.192,9428,158,26,False,0,2018,German Grand Prix,
3,28,MEDIUM,27.0,27.4,48.4,1001.4,False,44.2,145,1.4,00:51.432,9391,156,40,False,0,2018,German Grand Prix,
3,28,MEDIUM,27.0,27.4,48.4,1001.4,False,44.2,145,1.4,00:51.671,9454,156,53,False,0,2018,German Grand Prix,
3,28,MEDIUM,27.0,27.4,48.4,1001.4,False,44.2,145,1.4,00:51.872,9463,156,70,False,0,2018,German Grand Prix,
3,28,MEDIUM,27.0,27.4,48.4,1001.4,False,44.2,145,1.4,00:52.112,9606,158,71,False,0,2018,German Grand Prix,
3,28,MEDIUM,27.0,27.4,48.4,1001.4,False,44.2,145,1.4,00:52.352,9729,160,68,False,0,2018,German Grand Prix,
3,28,MEDIUM,27.0,27.4,48.4,1001.4,False,44.2,145,1.4,00:52.591,9748,161,68,False,0,2018,German Grand Prix,
3,28,MEDIUM,27.0,27.4,48.4,1001.4,False,44.2,145,1.4,00:52.792,9870,163,70,False,0,2018,German Grand Prix,
3,28,MEDIUM,27.0,27.4,48.4,1001.4,False,44.2,145,1.4,00:53.031,9965,164,70,False,0,2018,German Grand Prix,
3,28,MEDIUM,27.0,27.4,48.4,1001.4,False,44.2,145,1.4,00:53.271,10041,165,69,False,0,2018,German Grand Prix,
3,28,MEDIUM,27.0,27.4,48.4,1001.4,False,44.2,145,1.4,00:53.511,9654,167,28,False,0,2018,German Grand Prix,
3,28,MEDIUM,27.0,27.4,48.4,1001.4,False,44.2,145,1.4,00:53.751,9405,164,0,True,0,2018,German Grand Prix,
3,28,MEDIUM,27.0,27.4,48.4,1001.4,False,44.2,145,1.4,00:53.991,8896,154,0,True,0,2018,German Grand Prix,
3,28,MEDIUM,27.0,27.4,48.4,1001.4,False,44.2,145,1.4,00:54.192,8486,147,0,True,0,2018,German Grand Prix,
3,28,MEDIUM,27.0,27.4,48.4,1001.4,False,44.2,145,1.4,00:54.432,7975,135,0,True,0,2018,German Grand Prix,
3,28,MEDIUM,27.0,27.4,48.4,1001.4,False,44.2,145,1.4,00:54.712,7164,126,0,True,0,2018,German Grand Prix,
3,28,MEDIUM,27.0,27.4,48.4,1001.4,False,44.2,145,1.4,00:54.951,6212,114,0,True,0,2018,German Grand Prix,
3,28,MEDIUM,27.0,27.4,48.4,1001.4,False,44.2,145,1.4,00:55.191,5016,105,0,True,0,2018,German Grand Prix,
3,28,MEDIUM,27.0,27.4,48.4,1001.4,False,44.2,145,1.4,00:55.471,3890,93,0,True,0,2018,German Grand Prix,
3,28,MEDIUM,27.0,27.4,48.4,1001.4,False,44.2,145,1.4,00:55.711,4069,84,0,True,0,2018,German Grand Prix,
3,28,MEDIUM,27.0,27.4,48.4,1001.4,False,44.2,145,1.4,00:55.912,4166,75,0,True,0,2018,German Grand Prix,
3,28,MEDIUM,27.0,27.4,48.4,1001.4,False,44.2,145,1.4,00:56.152,4850,63,0,True,0,2018,German Grand Prix,
3,28,MEDIUM,27.0,27.4,48.4,1001.4,False,44.2,145,1.4,00:56.392,3496,56,0,True,0,2018,German Grand Prix,
3,28,MEDIUM,27.0,27.4,48.4,1001.4,False,44.2,145,1.4,00:56.632,3546,45,0,True,0,2018,German Grand Prix,
3,28,MEDIUM,27.0,27.4,48.4,1001.4,False,44.2,145,1.4,00:56.872,3420,39,0,True,0,2018,German Grand Prix,
3,28,MEDIUM,27.0,27.4,48.4,1001.4,False,44.2,145,1.4,00:57.111,3546,34,0,True,0,2018,German Grand Prix,
3,28,MEDIUM,27.0,27.4,48.4,1001.4,False,44.2,145,1.4,00:57.312,3551,30,0,True,0,2018,German Grand Prix,
3,28,MEDIUM,27.0,27.4,48.4,1001.4,False,44.2,145,1.4,00:57.592,3471,25,0,True,0,2018,German Grand Prix,
3,28,MEDIUM,27.0,27.4,48.4,1001.4,False,44.2,145,1.4,00:57.832,3469,22,0,True,0,2018,German Grand Prix,
3,28,MEDIUM,27.0,27.4,48.4,1001.4,False,44.2,145,1.4,00:58.072,3560,22,0,True,0,2018,German Grand Prix,
3,28,MEDIUM,27.0,27.4,48.4,1001.4,False,44.2,145,1.4,00:58.312,3382,19,0,False,0,2018,German Grand Prix,
3,28,MEDIUM,27.0,27.4,48.4,1001.4,False,44.2,145,1.4,00:58.552,3482,17,0,True,0,2018,German Grand Prix,
3,28,MEDIUM,27.0,27.4,48.4,1001.4,False,44.2,145,1.4,00:58.792,3460,16,0,True,0,2018,German Grand Prix,
3,28,MEDIUM,27.0,27.4,48.4,1001.4,False,44.2,145,1.4,00:59.032,3476,11,0,True,0,2018,German Grand Prix,
3,28,MEDIUM,27.0,27.4,48.4,1001.4,False,44.2,145,1.4,00:59.272,3435,10,0,True,0,2018,German Grand Prix,
3,28,MEDIUM,27.0,27.4,48.4,1001.4,False,44.2,145,1.4,00:59.511,3519,6,0,True,0,2018,German Grand Prix,
3,28,MEDIUM,27.0,27.4,48.4,1001.4,False,44.2,145,1.4,00:59.751,3446,3,0,True,0,2018,German Grand Prix,
